[2026-07-16_12-26-31][48240][Info] [general] Instead of the WebView2 runtime in the system, UXP will use the WebView2 runtime in the folder: C:\Program Files\Common Files\Adobe\Microsoft\EdgeWebView
[2026-07-16_12-26-31][48240][Warn] [general] We are going to deprecate hostInfo access soon. Please use HostInfoController instead.
[2026-07-16_12-26-31][48240][Info] upic::Upic version 2.6.0 is initialized
[2026-07-16_12-26-31][48240][Info] upic::Boolean flag with key showpremiereproUXPListing is not present in preferences file hence returning default value
[2026-07-16_12-26-31][48240][Info] upic::Loading plugins from system PluginsInfo file 
[2026-07-16_12-26-31][48240][Info] upic::Loading plugins from user PluginsInfo file 
[2026-07-16_12-26-31][48240][Debug] upic::plugin with id: knights_of_the_editing_table.spell_book_premierepro is added in uxp plugin manager with status as enabled
[2026-07-16_12-26-31][48240][Debug] upic::plugin with id: LogiPremierePro is added in uxp plugin manager with status as enabled
[2026-07-16_12-26-31][48240][Debug] upic::plugin with id: preset-pilot is added in uxp plugin manager with status as enabled
[2026-07-16_12-26-31][48240][Debug] upic::plugin with id: com.fayelab.opencurve is added in uxp plugin manager with status as enabled
[2026-07-16_12-26-31][48240][Debug] upic::plugin with id: com.blocky.oracle.v5 is added in uxp plugin manager with status as enabled
[2026-07-16_12-26-31][48240][Info] [general] Plugin knights_of_the_editing_table.spell_book_premierepro : [v4] Using Default Value for Icon species
[2026-07-16_12-26-31][48240][Info] [general] Plugin knights_of_the_editing_table.spell_book_premierepro : Scaled Icon :  assets/icons/plugin-icon@1x.png  not found
[2026-07-16_12-26-31][48240][Info] [general] Plugin knights_of_the_editing_table.spell_book_premierepro : Scaled Icon :  assets/icons/plugin-icon@2x.png  not found
[2026-07-16_12-26-31][48240][Warn] [general] Please set UserInfoController::initialize() before app initialization.
[2026-07-16_12-26-31][48240][Info] [general] Plugin LogiPremierePro : [v4] Using Default Value for Icon species
[2026-07-16_12-26-31][48240][Warn] [general] Please set UserInfoController::initialize() before app initialization.
[2026-07-16_12-26-31][48240][Info] [general] Plugin preset-pilot : Scaled Icon :  icons/icon_D@1x.png  not found
[2026-07-16_12-26-31][48240][Info] [general] Plugin preset-pilot : Scaled Icon :  icons/icon_N@1x.png  not found
[2026-07-16_12-26-31][48240][Info] [general] Plugin preset-pilot : Scaled Icon :  icons/icon_D@1x.png  not found
[2026-07-16_12-26-31][48240][Info] [general] Plugin preset-pilot : Scaled Icon :  icons/icon_N@1x.png  not found
[2026-07-16_12-26-31][48240][Warn] [general] Please set UserInfoController::initialize() before app initialization.
[2026-07-16_12-26-31][48240][Info] [general] Plugin com.fayelab.opencurve : [v4] Using Default Value for Icon species
[2026-07-16_12-26-31][48240][Info] [general] Plugin com.fayelab.opencurve : Scaled Icon :  icons/icon-dark@1x.png  not found
[2026-07-16_12-26-31][48240][Info] [general] Plugin com.fayelab.opencurve : Scaled Icon :  icons/icon-dark@2x.png  not found
[2026-07-16_12-26-31][48240][Info] [general] Plugin com.fayelab.opencurve : Scaled Icon :  icons/plugin-icon-dark@1x.png  not found
[2026-07-16_12-26-31][48240][Info] [general] Plugin com.fayelab.opencurve : Scaled Icon :  icons/plugin-icon-dark@2x.png  not found
[2026-07-16_12-26-31][48240][Warn] [general] Please set UserInfoController::initialize() before app initialization.
[2026-07-16_12-26-31][48240][Warn] [general] Please set UserInfoController::initialize() before app initialization.
[2026-07-16_12-26-31][48240][Info] upic::Adding plugins in uxp plugin manager using batch addPlugins Api
[2026-07-16_12-26-31][48240][Info] upic::Number of plugins added from system's pluginsInfo: 1
[2026-07-16_12-26-31][48240][Info] upic::Sending message to UPI, type: vulcan.SuiteMessage.upi.analytics.messagepayload: {"version":"v1","hostSapCode":"PPRO","hostVersion":"26.3.0","message":{"action":"send","events":[{"event.type":"register","event.subtype":"pluginsInfo","content.category":"system","event.count":"1","event.expected_count":"1"}]}}
[2026-07-16_12-26-31][48240][Info] upic::Number of plugins added from user's pluginsInfo: 4
[2026-07-16_12-26-31][48240][Info] upic::Sending message to UPI, type: vulcan.SuiteMessage.upi.analytics.messagepayload: {"version":"v1","hostSapCode":"PPRO","hostVersion":"26.3.0","message":{"action":"send","events":[{"event.type":"register","event.subtype":"pluginsInfo","content.category":"user","event.count":"4","event.expected_count":"4"}]}}
[2026-07-16_12-26-31][48240][Default] [general] UXP DevTools: Sending Notification that UXP is Dev Ready
[2026-07-16_12-26-31][48240][Warn] [general] Please set UserInfoController::initialize() before app initialization.
[2026-07-16_12-26-31][48240][Warn] [general] Please set UserInfoController::initialize() before app initialization.
[2026-07-16_12-26-31][48240][Warn] [general] We are going to deprecate HostInfo API soon, please use HostApi instead.
[2026-07-16_12-26-31][48240][Info] [general] analyticsTracker_ is being accessed without setting
[2026-07-16_12-26-31][48240][Info] [general] Plugin com.fayelab.opencurve : [v4] Using Default Value for Icon species
[2026-07-16_12-26-31][48240][Info] [general] Plugin com.fayelab.opencurve : Scaled Icon :  icons/icon-dark@1x.png  not found
[2026-07-16_12-26-31][48240][Info] [general] Plugin com.fayelab.opencurve : Scaled Icon :  icons/icon-dark@2x.png  not found
[2026-07-16_12-26-31][48240][Info] [general] Plugin com.fayelab.opencurve : Scaled Icon :  icons/plugin-icon-dark@1x.png  not found
[2026-07-16_12-26-31][48240][Info] [general] Plugin com.fayelab.opencurve : Scaled Icon :  icons/plugin-icon-dark@2x.png  not found
[2026-07-16_12-26-31][48240][Warn] [general] Please set UserInfoController::initialize() before app initialization.
[2026-07-16_12-26-31][48240][Info] [general] analyticsTracker_ is being accessed without setting
[2026-07-16_12-26-31][48240][Info] [general] Plugin preset-pilot : Scaled Icon :  icons/icon_D@1x.png  not found
[2026-07-16_12-26-31][48240][Info] [general] Plugin preset-pilot : Scaled Icon :  icons/icon_N@1x.png  not found
[2026-07-16_12-26-31][48240][Info] [general] Plugin preset-pilot : Scaled Icon :  icons/icon_D@1x.png  not found
[2026-07-16_12-26-31][48240][Info] [general] Plugin preset-pilot : Scaled Icon :  icons/icon_N@1x.png  not found
[2026-07-16_12-26-31][48240][Warn] [general] Please set UserInfoController::initialize() before app initialization.
[2026-07-16_12-26-31][48240][Info] [general] analyticsTracker_ is being accessed without setting
[2026-07-16_12-26-31][48240][Info] [general] Plugin LogiPremierePro : [v4] Using Default Value for Icon species
[2026-07-16_12-26-31][48240][Warn] [general] Please set UserInfoController::initialize() before app initialization.
[2026-07-16_12-26-31][48240][Info] [general] analyticsTracker_ is being accessed without setting
[2026-07-16_12-26-31][48240][Info] [general] Plugin knights_of_the_editing_table.spell_book_premierepro : [v4] Using Default Value for Icon species
[2026-07-16_12-26-31][48240][Info] [general] Plugin knights_of_the_editing_table.spell_book_premierepro : Scaled Icon :  assets/icons/plugin-icon@1x.png  not found
[2026-07-16_12-26-31][48240][Info] [general] Plugin knights_of_the_editing_table.spell_book_premierepro : Scaled Icon :  assets/icons/plugin-icon@2x.png  not found
[2026-07-16_12-26-31][48240][Warn] [general] Please set UserInfoController::initialize() before app initialization.
[2026-07-16_12-26-31][48240][Info] [general] analyticsTracker_ is being accessed without setting
[2026-07-16_12-26-31][44280][Info] [general] analyticsTracker_ is being accessed without setting
[2026-07-16_12-26-31][48240][Warn] [general] Please set UserInfoController::initialize() before app initialization.
[2026-07-16_12-26-31][48240][Warn] [general] Please set UserInfoController::initialize() before app initialization.
[2026-07-16_12-26-31][48240][Error] [general] Plugin com.adobe.dva.export.queue : Expected a width for the plugin icon
[2026-07-16_12-26-31][48240][Warn] [general] Please set UserInfoController::initialize() before app initialization.
[2026-07-16_12-26-31][48240][Warn] [general] Please set UserInfoController::initialize() before app initialization.
[2026-07-16_12-26-31][48240][Warn] [general] Please set UserInfoController::initialize() before app initialization.
[2026-07-16_12-26-31][48240][Warn] [general] Please set UserInfoController::initialize() before app initialization.
[2026-07-16_12-26-31][48240][Warn] [general] Please set UserInfoController::initialize() before app initialization.
[2026-07-16_12-26-31][48240][Warn] [general] Please set UserInfoController::initialize() before app initialization.
[2026-07-16_12-26-31][48240][Warn] [general] Please set UserInfoController::initialize() before app initialization.
[2026-07-16_12-26-31][48240][Info] [general] Plugin com.adobe.frameio.uxp : Scaled Icon :  icons/frameio@1x.png  not found
[2026-07-16_12-26-31][48240][Info] [general] Plugin com.adobe.frameio.uxp : Scaled Icon :  icons/frameio@2x.png  not found
[2026-07-16_12-26-31][48240][Warn] [general] Plugin com.adobe.frameio.uxp : Expected the icon to have a 1X scaled file
[2026-07-16_12-26-31][48240][Info] [general] Plugin com.adobe.frameio.uxp : Scaled Icon :  icons/frameio@1x.png  not found
[2026-07-16_12-26-31][48240][Info] [general] Plugin com.adobe.frameio.uxp : Scaled Icon :  icons/frameio@2x.png  not found
[2026-07-16_12-26-31][48240][Warn] [general] Plugin com.adobe.frameio.uxp : Expected the icon to have a 1X scaled file
[2026-07-16_12-26-31][48240][Warn] [general] Please set UserInfoController::initialize() before app initialization.
[2026-07-16_12-26-31][48240][Warn] [general] Please set UserInfoController::initialize() before app initialization.
[2026-07-16_12-26-31][48240][Info] [general] Plugin com.adobe.stock.unified.content.panel : [v4] Using Default Value for Icon species
[2026-07-16_12-26-31][48240][Info] [general] Plugin com.adobe.stock.unified.content.panel : [v4] Using Default Value for Icon species
[2026-07-16_12-26-31][48240][Warn] [general] Please set UserInfoController::initialize() before app initialization.
[2026-07-16_12-26-31][48240][Warn] [general] Please set UserInfoController::initialize() before app initialization.
[2026-07-16_12-26-31][48240][Warn] [general] Please set UserInfoController::initialize() before app initialization.
[2026-07-16_12-26-31][48240][Warn] [general] Please set UserInfoController::initialize() before app initialization.
[2026-07-16_12-26-31][48240][Warn] [general] Please set UserInfoController::initialize() before app initialization.
[2026-07-16_12-26-31][48240][Warn] [general] Please set UserInfoController::initialize() before app initialization.
[2026-07-16_12-26-31][48240][Warn] [general] Please set UserInfoController::initialize() before app initialization.
[2026-07-16_12-26-31][48240][Warn] [general] Please set UserInfoController::initialize() before app initialization.
[2026-07-16_12-26-31][48240][Warn] [general] Please set UserInfoController::initialize() before app initialization.
[2026-07-16_12-26-31][48240][Warn] [general] Please set UserInfoController::initialize() before app initialization.
[2026-07-16_12-26-31][48240][Warn] [general] Please set UserInfoController::initialize() before app initialization.
[2026-07-16_12-26-31][48240][Warn] [general] Please set UserInfoController::initialize() before app initialization.
[2026-07-16_12-26-31][48240][Warn] [general] Please set UserInfoController::initialize() before app initialization.
[2026-07-16_12-26-31][48240][Warn] [general] Please set UserInfoController::initialize() before app initialization.
[2026-07-16_12-26-31][48240][Warn] [general] Please set UserInfoController::initialize() before app initialization.
[2026-07-16_12-26-31][48240][Warn] [general] Please set UserInfoController::initialize() before app initialization.
[2026-07-16_12-26-31][48240][Warn] [general] Please set UserInfoController::initialize() before app initialization.
[2026-07-16_12-26-31][48240][Warn] [general] Please set UserInfoController::initialize() before app initialization.
[2026-07-16_12-26-31][48240][Info] [general] Plugin com.adobe.substance-3d.viewer.ps : [v4] Using Default Value for Icon species
[2026-07-16_12-26-31][48240][Info] [general] Plugin com.adobe.substance-3d.viewer.ps : [v4] Using Default Value for Icon species
[2026-07-16_12-26-31][48240][Error] [general] Plugin com.adobe.substance-3d.viewer.ps : Expected 'host.app' to be premierepro
[2026-07-16_12-26-31][48240][Error] [general] Failed to parse the manifest.json file.
[2026-07-16_12-26-31][48240][Warn] [general] Please set UserInfoController::initialize() before app initialization.
[2026-07-16_12-26-31][48240][Info] [general] Plugin knights_of_the_editing_table.spell_book_premierepro : [v4] Using Default Value for Icon species
[2026-07-16_12-26-31][48240][Info] [general] Plugin knights_of_the_editing_table.spell_book_premierepro : Scaled Icon :  assets/icons/plugin-icon@1x.png  not found
[2026-07-16_12-26-31][48240][Info] [general] Plugin knights_of_the_editing_table.spell_book_premierepro : Scaled Icon :  assets/icons/plugin-icon@2x.png  not found
[2026-07-16_12-26-31][48240][Warn] [general] Please set UserInfoController::initialize() before app initialization.
[2026-07-16_12-26-31][48240][Info] [general] Plugin knights_of_the_editing_table.spell_book_PS : [v4] Using Default Value for Icon species
[2026-07-16_12-26-31][48240][Info] [general] Plugin knights_of_the_editing_table.spell_book_PS : Scaled Icon :  assets/icons/plugin-icon@1x.png  not found
[2026-07-16_12-26-31][48240][Info] [general] Plugin knights_of_the_editing_table.spell_book_PS : Scaled Icon :  assets/icons/plugin-icon@2x.png  not found
[2026-07-16_12-26-31][48240][Error] [general] Plugin knights_of_the_editing_table.spell_book_PS : Expected 'host.app' to be premierepro
[2026-07-16_12-26-31][48240][Error] [general] Failed to parse the manifest.json file.
[2026-07-16_12-26-31][48240][Info] [general] Plugin com.fayelab.opencurve : [v4] Using Default Value for Icon species
[2026-07-16_12-26-31][48240][Info] [general] Plugin com.fayelab.opencurve : Scaled Icon :  icons/icon-dark@1x.png  not found
[2026-07-16_12-26-31][48240][Info] [general] Plugin com.fayelab.opencurve : Scaled Icon :  icons/icon-dark@2x.png  not found
[2026-07-16_12-26-31][48240][Info] [general] Plugin com.fayelab.opencurve : Scaled Icon :  icons/plugin-icon-dark@1x.png  not found
[2026-07-16_12-26-31][48240][Info] [general] Plugin com.fayelab.opencurve : Scaled Icon :  icons/plugin-icon-dark@2x.png  not found
[2026-07-16_12-26-31][48240][Warn] [general] Please set UserInfoController::initialize() before app initialization.
[2026-07-16_12-26-31][48240][Info] [general] Plugin LogiPremierePro : [v4] Using Default Value for Icon species
[2026-07-16_12-26-31][48240][Warn] [general] Please set UserInfoController::initialize() before app initialization.
[2026-07-16_12-26-31][48240][Info] [general] Plugin preset-pilot : Scaled Icon :  icons/icon_D@1x.png  not found
[2026-07-16_12-26-31][48240][Info] [general] Plugin preset-pilot : Scaled Icon :  icons/icon_N@1x.png  not found
[2026-07-16_12-26-31][48240][Info] [general] Plugin preset-pilot : Scaled Icon :  icons/icon_D@1x.png  not found
[2026-07-16_12-26-31][48240][Info] [general] Plugin preset-pilot : Scaled Icon :  icons/icon_N@1x.png  not found
[2026-07-16_12-26-31][48240][Warn] [general] Please set UserInfoController::initialize() before app initialization.
[2026-07-16_12-26-31][48240][Warn] [general] Please set UserInfoController::initialize() before app initialization.
[2026-07-16_12-26-31][48240][Warn] [general] Please set UserInfoController::initialize() before app initialization.
[2026-07-16_12-26-31][48240][Info] [general] analyticsTracker_ is being accessed without setting
[2026-07-16_12-26-31][52108][Info] [general] analyticsTracker_ is being accessed without setting
[2026-07-16_12-26-31][44280][Default] [console] [FS] HTML loaded, about to load plugin.js
[2026-07-16_12-26-31][44280][Default] [console] [FS] plugin.js executing
[2026-07-16_12-26-31][44280][Default] [console] [FS] uxp loaded OK
[2026-07-16_12-26-31][44280][Default] [console] [FS] premierepro loaded OK
[2026-07-16_12-26-31][44280][Default] [console] [FS] setting up entrypoints
[2026-07-16_12-26-31][44280][Default] [console] [FS] plugin create
[2026-07-16_12-26-31][44280][Default] [console] [FS] entrypoints.setup complete
[2026-07-16_12-26-32][52108][Info] [general] analyticsTracker_ is being accessed without setting
[2026-07-16_12-26-32][44280][Default] [console] created 
[2026-07-16_12-26-32][44280][Default] [console] C:\Users\salim\AppData\Local\Logi\LogiPluginService\PluginData\PremierePro\socket_uxp.port
[2026-07-16_12-26-32][44280][Default] [console] Spell Book UXP
[2026-07-16_12-26-32][44280][Default] [console] [object Object],[object Object]
[2026-07-16_12-26-32][44280][Default] [console] 
[2026-07-16_12-26-32][44280][Default] [console] 
[2026-07-16_12-26-32][44280][Default] [console] 
[2026-07-16_12-26-32][44280][Default] [console] [object Object]
[2026-07-16_12-26-32][44280][Default] [console] ws launch server
[2026-07-16_12-26-32][52108][Default] [console] [DP] Templates are not initialized yet!
[2026-07-16_12-26-38][48240][Info] [general] analyticsTracker_ is being accessed without setting
[2026-07-16_12-26-39][44280][Default] [console] [FS] panel create — DOM ready
[2026-07-16_12-26-39][44280][Default] [console] [FS] initPanel called
[2026-07-16_12-26-39][44280][Default] [console] [FS] panel show — starting poll
[2026-07-16_12-26-39][44280][Default] [console] [FS] sequence changed:  → 03ba9a4c-6aed-4093-86fc-87ab9207f305
[2026-07-16_12-26-39][44280][Default] [console] [FS] status changed:  → outside Move playhead between keyframes (3600.00s – 3601.15s)
[2026-07-16_12-26-40][52108][Warn] [console] [DP] Failed to fetch resource at ./locale/en/ppro/curatedContent.json
[2026-07-16_12-26-40][52108][Warn] [console] [DP] Failed to fetch resource at ./locale/en/ppro/synonyms.json
[2026-07-16_12-26-40][52108][Warn] [console] [DP] Failed to fetch resource at ./locale/en/ppro/curatedContent.json
[2026-07-16_12-26-40][52108][Error] [console] [DP] AppSDK.i18n.init: 
[2026-07-16_12-26-40][52108][Warn] [console] [DP] Failed to fetch resource at ./locale/en/ppro/synonyms.json
[2026-07-16_12-26-40][52108][Warn] [console] [DP] Method not implemented.
[2026-07-16_12-26-40][52108][Warn] [console] [DP] Method not implemented.
[2026-07-16_12-26-40][52108][Error] [console] [DP] Invalid trigger name(PSAtlasTrigger) for Sensor(UnifiedPanelSensor)
[2026-07-16_12-26-40][52108][Warn] [console] [DP] AppStorage#set: Last write to LocalStorage was within 500ms. Something is calling AppSDK.storage.set too frequently.
[2026-07-16_12-26-40][52108][Error] [console] [DP] Error on getActiveDocId():  {}
[2026-07-16_12-26-40][52108][Error] [console] [DP] err name not in allowlist psEvent
[2026-07-16_12-26-40][52108][Error] [console] [DP] err name not in allowlist modalStateChanged
[2026-07-16_12-26-40][52108][Warn] [console] [DP] [DP Debug] Skipping recommendation. InFlight: false, HasItem: false
[2026-07-16_12-26-40][52108][Warn] [console] [DP] [DP Debug] Skipping recommendation. InFlight: false, HasItem: false
[2026-07-16_12-26-40][52108][Warn] [console] [DP] [DP Debug] Skipping recommendation. InFlight: false, HasItem: false
[2026-07-16_12-26-40][44280][Default] [console] spell-book://open
[2026-07-16_12-26-40][52108][Warn] [console] [DP] Not able to get learn plugin folder
[2026-07-16_12-26-40][52108][Warn] [console] [DP] Not able to initialize learn cache module
[2026-07-16_12-26-41][52108][Error] [console] [DP] Error: Discover_Panel surface has no containers. {"expirationDTS":"2026-07-17T21:09:11.509Z","surfaces":{"Discover_Panel":{"failedContainers":[{"gsdkEnabledContent":true,"containerId":1,"containerLabel":"Discover Panel","containerAnalyticsData":{"variationId":"21617def-cb64-4d77-a309-6bef73b3feca-0:::17da5b6a-5841-499c-81d9-4b5bb9ca0f23#3edb1997-bf0a-435c-a254-129f5aa290ac, 14e68667-b036-4890-b95b-af3b145acd7d#4ba9ecea-0971-435a-91ab-37fd2a46436a, 189b67e0-44bf-4968-8f3a-936b481d9ecd#3edb1997-bf0a-435c-a254-129f5aa290ac, d298ac49-f6c4-4c10-afb4-bf044f34d539#4ba9ecea-0971-435a-91ab-37fd2a46436a::::::f8f359d2-c1ae-40f7-9e06-66366ba7174a","actionBlockId":"f8f359d2-c1ae-40f7-9e06-66366ba7174a","campaignId":"02b682d0-a6b1-4df8-8722-a63c771198d0#3edb1997-bf0a-435c-a254-129f5aa290ac:::","containerStatus":"ready-Discover Panel"},"gsdkStatus":"ready","gsdkContent":{"campaignState":"NoTargetingCampaign","consumer":{"code":"PPRO","id":82,"language":"en-US","name":"Premiere Pro","version":"26.3.0.93"},"container":{"lastUpdated":"2026-02-06T22:42:53.130Z","name":"Discover Panel"},"id":10824,"monitoringData":{"exp.action_block_id":"f8f359d2-c1ae-40f7-9e06-66366ba7174a","exp.campaign_id":"02b682d0-a6b1-4df8-8722-a63c771198d0#3edb1997-bf0a-435c-a254-129f5aa290ac:::","exp.experience_id":"02b682d0-a6b1-4df8-8722-a63c771198d0#3edb1997-bf0a-435c-a254-129f5aa290ac","exp.request_guid":"c1308954-1142-41c0-adc8-35caf3c49c68","exp.response_guid":"4519ac40-f8fe-4549-bac8-3af48f1b0e2c","exp.surface_id":"4519ac40-f8fe-4549-bac8-3af48f1b0e2c","exp.variation_id":"21617def-cb64-4d77-a309-6bef73b3feca-0:::17da5b6a-5841-499c-81d9-4b5bb9ca0f23#3edb1997-bf0a-435c-a254-129f5aa290ac, 14e68667-b036-4890-b95b-af3b145acd7d#4ba9ecea-0971-435a-91ab-37fd2a46436a, 189b67e0-44bf-4968-8f3a-936b481d9ecd#3edb1997-bf0a-435c-a254-129f5aa290ac, d298ac49-f6c4-4c10-afb4-bf044f34d539#4ba9ecea-0971-435a-91ab-37fd2a46436a::::::f8f359d2-c1ae-40f7-9e06-66366ba7174a"},"proposition":{"id":"4519ac40-f8fe-4549-bac8-3af48f1b0e2c","items":[{"data":{"content":{"dp_ccn":"No Content","dp_core":"No Content","dp_dynamic_template":"No Content","dp_learn":"No Content","dp_tool_tech":"No Content","hs_3_1_inapp_tutorial":"https://utut-service.adobe.com/api/ututs?api_key=UtutSophiaCampaign1&metadata.platforms[]=in-app&status=live&metadata.application.sap_code=PPRO&locale=en_US&aem_id=premiere-pro/how-to/in-app/040-save-time-with-different-preview-options-in-premiere-pro&aem_id=premiere-pro/how-to/in-app/try-generative-extend&aem_id=premiere-pro/how-to/in-app/animation-basics&aem_id=premiere-pro/how-to/in-app/create-rough-cut-text-based-edit&aem_id=premiere-pro/how-to/in-app/036-make-beauty-spots-sparkle&aem_id=premiere-pro/how-to/in-app/cut-to-the-beat&aem_id=premiere-pro/how-to/in-app/020-add-speed-ramping&aem_id=premiere-pro/how-to/in-app/032-make-food-colors-pop","hs_3_1_user_intent_dialog":"No Content","hs_3_1_web_tutorial":"https://utut-service.adobe.com/api/recommendation/tutorial/123?metadata.application.sap_code=PPRO&locale=en_US&metadata.platforms=helpx&api_key=EngagementStream1&max_tutorials=15","hs_4_0_profile_base":"No Content","hs_4_0_toast":"No Content","hs_4_0_touts":"https://odin.adobe.com/content/dam/ccfirstmile/PPRO/en_US/ExperienceHomeMX24/pr-2026-04-firefly-cousage-experience-Phase1.cfm.gql.json","hs_4_0_view_plans":"No Content","hs_4_0_whats_new":"https://odin.adobe.com/content/dam/ccfirstmile/PPRO/en_US/componentWhatsNewToastal/Pr-GA-Apr-26-Multicard-WN-3553.cfm.gql.json","lcm_learn":"No Content","pes_atlas":"No Content","pes_browse_learn":"No Content","pes_features":"No Content","pes_whats_new":"No Content"}},"id":"f8f359d2-c1ae-40f7-9e06-66366ba7174a","schema":"https://ns.adobe.com/personalization/json-content-item"}],"scope":"adbpr://desktop","scopeDetails":{"activity":{"id":"02b682d0-a6b1-4df8-8722-a63c771198d0#3edb1997-bf0a-435c-a254-129f5aa290ac","matchedSurfaces":["adbpr://desktop/"],"priority":45},"characteristics":{"eventToken":"eyJtZXNzYWdlRXhlY3V0aW9uIjp7Im1lc3NhZ2VFeGVjdXRpb25JRCI6IlVFOkluYm91bmQiLCJtZXNzYWdlSUQiOiI1ZTllYzk4Yi1lMDk2LTQ5NGMtYTIwOS01ZGRhZjUxNzc4NGYiLCJtZXNzYWdlUHVibGljYXRpb25JRCI6IjIxNjE3ZGVmLWNiNjQtNGQ3Ny1hMzA5LTZiZWY3M2IzZmVjYSIsIm1lc3NhZ2VUeXBlIjoibWFya2V0aW5nIiwiY2FtcGFpZ25JRCI6IjAyYjY4MmQwLWE2YjEtNGRmOC04NzIyLWE2M2M3NzExOThkMCIsImNhbXBhaWduVmVyc2lvbklEIjoiYTRhM2E0NGUtODQyNy00OWViLTg4NjUtYzc2OGE1NGM3OGU1IiwiY2FtcGFpZ25BY3Rpb25JRCI6IjNlZGIxOTk3LWJmMGEtNDM1Yy1hMjU0LTEyOWY1YWEyOTBhYyJ9LCJtZXNzYWdlUHJvZmlsZSI6eyJtZXNzYWdlUHJvZmlsZUlEIjoiOWU3ODJkMzMtMTZmNS00ZGFkLWFkOTEtNjgwNzc4NDNmYjhkIiwiY2hhbm5lbCI6eyJfaWQiOiJodHRwczovL25zLmFkb2JlLmNvbS94ZG0vY2hhbm5lbHMvY29kZSIsIl90eXBlIjoiaHR0cHM6Ly9ucy5hZG9iZS5jb20veGRtL2NoYW5uZWwtdHlwZXMvY29kZSJ9fX0=","subPropositions":"W3siaWQiOiIyYzdlMjJiYS02ODJkLTQyZGYtODRmNy0yYWU4YjRlNWYxY2MiLCJzY29wZSI6ImFkYnByOi8vZGVza3RvcCIsInNjb3BlRGV0YWlscyI6eyJkZWNpc2lvblByb3ZpZGVyIjoiRVhEIiwiY29ycmVsYXRpb25JRCI6IjIxNjE3ZGVmLWNiNjQtNGQ3Ny1hMzA5LTZiZWY3M2IzZmVjYS0wIiwic3RyYXRlZ2llcyI6W3sic3RyYXRlZ3lJRCI6IjQ5ODVjNWFkLTI4OGUtNDlmYS1hMDc2LTNmOTM2ZGY4YmQ1NyIsInN0ZXAiOiJkZWNpc2lvblBvbGljeSJ9LHsic3RyYXRlZ3lJRCI6ImFkYnByOi8vZGVza3RvcCIsInN0ZXAiOiJwbGFjZW1lbnQifV0sInJhbmsiOjUsImFjdGl2aXR5Ijp7ImlkIjoiMDJiNjgyZDAtYTZiMS00ZGY4LTg3MjItYTYzYzc3MTE5OGQwIzNlZGIxOTk3LWJmMGEtNDM1Yy1hMjU0LTEyOWY1YWEyOTBhYyIsInByaW9yaXR5Ijo0NSwibWF0Y2hlZFN1cmZhY2VzIjpbImFkYnByOi8vZGVza3RvcC8iXX19LCJpdGVtcyI6W3siaWQiOiJkcHM6MzJiZmZmZmRmNmM0ZTA0NjgxMDBkMTJhOTgxZWVlNDAxYzViNWEzZjk3YjdjYmZkOjFjNzc3OWNmYTNlNGI3MzgiLCJldGFnIjoiNiIsIm5hbWUiOiJbT0ZSXSBQckRfRkZfQ291c2FnZV9QaGFzZTFfRU4iLCJpdGVtU2VsZWN0aW9uIjp7InNlbGVjdGlvbkRldGFpbCI6eyJzZWxlY3Rpb25UeXBlIjoibWFudWFsIiwidmVyc2lvbiI6ImxhdGVzdCJ9fSwidG9rZW4iOiJqcFFIRTVwN0FTbGZBMFI5eDVmUzNnIn1dfV0="},"correlationID":"21617def-cb64-4d77-a309-6bef73b3feca-0","decisionProvider":"AJO","rank":5,"strategies":[{"step":"passthroughActions","strategyID":"17da5b6a-5841-499c-81d9-4b5bb9ca0f23#3edb1997-bf0a-435c-a254-129f5aa290ac, 14e68667-b036-4890-b95b-af3b145acd7d#4ba9ecea-0971-435a-91ab-37fd2a46436a, 189b67e0-44bf-4968-8f3a-936b481d9ecd#3edb1997-bf0a-435c-a254-129f5aa290ac, d298ac49-f6c4-4c10-afb4-bf044f34d539#4ba9ecea-0971-435a-91ab-37fd2a46436a"}]}},"refreshTimestamp":"2026-07-15T21:08:41.250Z","rootAssetMetadata":[{"contentType":"application/octet-stream","dependencies":[],"fileExtension":"","filename":"","id":20264,"isPersonalized":false,"refreshTimestamp":"2026-07-15T21:08:41.264Z","url":"No Content"}],"sortOrder":1,"source":"surface","status":"ready","tags":["Discover_Panel"],"xdm":{"_adobe_corpnew":{"app":{"installedApplications":[{"id":"PPRO","language":"en-US","majorVersion":26,"minorVersion":3,"name":"Premiere Pro","patchVersion":0,"version":"26.3.0.93"}],"language":"en-US"}},"application":{"id":"CCXP","name":"CCX Process","version":"7.8.0.2"},"device":{"platform":"winx86_64","type":"desktop"},"environment":{"_dc":{"language":"en-US"},"browserDetails":{"userAgentClientHints":{"platform":"winx86_64"}},"operatingSystem":"Windows","operatingSystemVersion":"10.0.26200"},"eventType":"personalization.request"}},"errorMessage":"NoTargetingCampaign","errorCode":30002},{"gsdkEnabledContent":true,"containerId":2,"containerLabel":"Four Habits","containerAnalyticsData":{"variationId":"21617def-cb64-4d77-a309-6bef73b3feca-0:::17da5b6a-5841-499c-81d9-4b5bb9ca0f23#3edb1997-bf0a-435c-a254-129f5aa290ac, 14e68667-b036-4890-b95b-af3b145acd7d#4ba9ecea-0971-435a-91ab-37fd2a46436a, 189b67e0-44bf-4968-8f3a-936b481d9ecd#3edb1997-bf0a-435c-a254-129f5aa290ac, d298ac49-f6c4-4c10-afb4-bf044f34d539#4ba9ecea-0971-435a-91ab-37fd2a46436a::::::f8f359d2-c1ae-40f7-9e06-66366ba7174a","actionBlockId":"f8f359d2-c1ae-40f7-9e06-66366ba7174a","campaignId":"02b682d0-a6b1-4df8-8722-a63c771198d0#3edb1997-bf0a-435c-a254-129f5aa290ac:::","containerStatus":"ready-Four Habits"},"gsdkStatus":"ready","gsdkContent":{"campaignState":"NoTargetingCampaign","consumer":{"code":"PPRO","id":82,"language":"en-US","name":"Premiere Pro","version":"26.3.0.93"},"container":{"lastUpdated":"2026-02-06T22:42:53.130Z","name":"Four Habits"},"id":10827,"monitoringData":{"exp.action_block_id":"f8f359d2-c1ae-40f7-9e06-66366ba7174a","exp.campaign_id":"02b682d0-a6b1-4df8-8722-a63c771198d0#3edb1997-bf0a-435c-a254-129f5aa290ac:::","exp.experience_id":"02b682d0-a6b1-4df8-8722-a63c771198d0#3edb1997-bf0a-435c-a254-129f5aa290ac","exp.request_guid":"c1308954-1142-41c0-adc8-35caf3c49c68","exp.response_guid":"4519ac40-f8fe-4549-bac8-3af48f1b0e2c","exp.surface_id":"4519ac40-f8fe-4549-bac8-3af48f1b0e2c","exp.variation_id":"21617def-cb64-4d77-a309-6bef73b3feca-0:::17da5b6a-5841-499c-81d9-4b5bb9ca0f23#3edb1997-bf0a-435c-a254-129f5aa290ac, 14e68667-b036-4890-b95b-af3b145acd7d#4ba9ecea-0971-435a-91ab-37fd2a46436a, 189b67e0-44bf-4968-8f3a-936b481d9ecd#3edb1997-bf0a-435c-a254-129f5aa290ac, d298ac49-f6c4-4c10-afb4-bf044f34d539#4ba9ecea-0971-435a-91ab-37fd2a46436a::::::f8f359d2-c1ae-40f7-9e06-66366ba7174a"},"proposition":{"id":"4519ac40-f8fe-4549-bac8-3af48f1b0e2c","items":[{"data":{"content":{"dp_ccn":"No Content","dp_core":"No Content","dp_dynamic_template":"No Content","dp_learn":"No Content","dp_tool_tech":"No Content","hs_3_1_inapp_tutorial":"https://utut-service.adobe.com/api/ututs?api_key=UtutSophiaCampaign1&metadata.platforms[]=in-app&status=live&metadata.application.sap_code=PPRO&locale=en_US&aem_id=premiere-pro/how-to/in-app/040-save-time-with-different-preview-options-in-premiere-pro&aem_id=premiere-pro/how-to/in-app/try-generative-extend&aem_id=premiere-pro/how-to/in-app/animation-basics&aem_id=premiere-pro/how-to/in-app/create-rough-cut-text-based-edit&aem_id=premiere-pro/how-to/in-app/036-make-beauty-spots-sparkle&aem_id=premiere-pro/how-to/in-app/cut-to-the-beat&aem_id=premiere-pro/how-to/in-app/020-add-speed-ramping&aem_id=premiere-pro/how-to/in-app/032-make-food-colors-pop","hs_3_1_user_intent_dialog":"No Content","hs_3_1_web_tutorial":"https://utut-service.adobe.com/api/recommendation/tutorial/123?metadata.application.sap_code=PPRO&locale=en_US&metadata.platforms=helpx&api_key=EngagementStream1&max_tutorials=15","hs_4_0_profile_base":"No Content","hs_4_0_toast":"No Content","hs_4_0_touts":"https://odin.adobe.com/content/dam/ccfirstmile/PPRO/en_US/ExperienceHomeMX24/pr-2026-04-firefly-cousage-experience-Phase1.cfm.gql.json","hs_4_0_view_plans":"No Content","hs_4_0_whats_new":"https://odin.adobe.com/content/dam/ccfirstmile/PPRO/en_US/componentWhatsNewToastal/Pr-GA-Apr-26-Multicard-WN-3553.cfm.gql.json","lcm_learn":"No Content","pes_atlas":"No Content","pes_browse_learn":"No Content","pes_features":"No Content","pes_whats_new":"No Content"}},"id":"f8f359d2-c1ae-40f7-9e06-66366ba7174a","schema":"https://ns.adobe.com/personalization/json-content-item"}],"scope":"adbpr://desktop","scopeDetails":{"activity":{"id":"02b682d0-a6b1-4df8-8722-a63c771198d0#3edb1997-bf0a-435c-a254-129f5aa290ac","matchedSurfaces":["adbpr://desktop/"],"priority":45},"characteristics":{"eventToken":"eyJtZXNzYWdlRXhlY3V0aW9uIjp7Im1lc3NhZ2VFeGVjdXRpb25JRCI6IlVFOkluYm91bmQiLCJtZXNzYWdlSUQiOiI1ZTllYzk4Yi1lMDk2LTQ5NGMtYTIwOS01ZGRhZjUxNzc4NGYiLCJtZXNzYWdlUHVibGljYXRpb25JRCI6IjIxNjE3ZGVmLWNiNjQtNGQ3Ny1hMzA5LTZiZWY3M2IzZmVjYSIsIm1lc3NhZ2VUeXBlIjoibWFya2V0aW5nIiwiY2FtcGFpZ25JRCI6IjAyYjY4MmQwLWE2YjEtNGRmOC04NzIyLWE2M2M3NzExOThkMCIsImNhbXBhaWduVmVyc2lvbklEIjoiYTRhM2E0NGUtODQyNy00OWViLTg4NjUtYzc2OGE1NGM3OGU1IiwiY2FtcGFpZ25BY3Rpb25JRCI6IjNlZGIxOTk3LWJmMGEtNDM1Yy1hMjU0LTEyOWY1YWEyOTBhYyJ9LCJtZXNzYWdlUHJvZmlsZSI6eyJtZXNzYWdlUHJvZmlsZUlEIjoiOWU3ODJkMzMtMTZmNS00ZGFkLWFkOTEtNjgwNzc4NDNmYjhkIiwiY2hhbm5lbCI6eyJfaWQiOiJodHRwczovL25zLmFkb2JlLmNvbS94ZG0vY2hhbm5lbHMvY29kZSIsIl90eXBlIjoiaHR0cHM6Ly9ucy5hZG9iZS5jb20veGRtL2NoYW5uZWwtdHlwZXMvY29kZSJ9fX0=","subPropositions":"W3siaWQiOiIyYzdlMjJiYS02ODJkLTQyZGYtODRmNy0yYWU4YjRlNWYxY2MiLCJzY29wZSI6ImFkYnByOi8vZGVza3RvcCIsInNjb3BlRGV0YWlscyI6eyJkZWNpc2lvblByb3ZpZGVyIjoiRVhEIiwiY29ycmVsYXRpb25JRCI6IjIxNjE3ZGVmLWNiNjQtNGQ3Ny1hMzA5LTZiZWY3M2IzZmVjYS0wIiwic3RyYXRlZ2llcyI6W3sic3RyYXRlZ3lJRCI6IjQ5ODVjNWFkLTI4OGUtNDlmYS1hMDc2LTNmOTM2ZGY4YmQ1NyIsInN0ZXAiOiJkZWNpc2lvblBvbGljeSJ9LHsic3RyYXRlZ3lJRCI6ImFkYnByOi8vZGVza3RvcCIsInN0ZXAiOiJwbGFjZW1lbnQifV0sInJhbmsiOjUsImFjdGl2aXR5Ijp7ImlkIjoiMDJiNjgyZDAtYTZiMS00ZGY4LTg3MjItYTYzYzc3MTE5OGQwIzNlZGIxOTk3LWJmMGEtNDM1Yy1hMjU0LTEyOWY1YWEyOTBhYyIsInByaW9yaXR5Ijo0NSwibWF0Y2hlZFN1cmZhY2VzIjpbImFkYnByOi8vZGVza3RvcC8iXX19LCJpdGVtcyI6W3siaWQiOiJkcHM6MzJiZmZmZmRmNmM0ZTA0NjgxMDBkMTJhOTgxZWVlNDAxYzViNWEzZjk3YjdjYmZkOjFjNzc3OWNmYTNlNGI3MzgiLCJldGFnIjoiNiIsIm5hbWUiOiJbT0ZSXSBQckRfRkZfQ291c2FnZV9QaGFzZTFfRU4iLCJpdGVtU2VsZWN0aW9uIjp7InNlbGVjdGlvbkRldGFpbCI6eyJzZWxlY3Rpb25UeXBlIjoibWFudWFsIiwidmVyc2lvbiI6ImxhdGVzdCJ9fSwidG9rZW4iOiJqcFFIRTVwN0FTbGZBMFI5eDVmUzNnIn1dfV0="},"correlationID":"21617def-cb64-4d77-a309-6bef73b3feca-0","decisionProvider":"AJO","rank":5,"strategies":[{"step":"passthroughActions","strategyID":"17da5b6a-5841-499c-81d9-4b5bb9ca0f23#3edb1997-bf0a-435c-a254-129f5aa290ac, 14e68667-b036-4890-b95b-af3b145acd7d#4ba9ecea-0971-435a-91ab-37fd2a46436a, 189b67e0-44bf-4968-8f3a-936b481d9ecd#3edb1997-bf0a-435c-a254-129f5aa290ac, d298ac49-f6c4-4c10-afb4-bf044f34d539#4ba9ecea-0971-435a-91ab-37fd2a46436a"}]}},"refreshTimestamp":"2026-07-15T21:08:41.250Z","rootAssetMetadata":[{"contentType":"application/octet-stream","dependencies":[],"fileExtension":"","filename":"","id":20267,"isPersonalized":false,"refreshTimestamp":"2026-07-15T21:08:41.264Z","url":"No Content"}],"sortOrder":2,"source":"surface","status":"ready","tags":["Discover_Panel"],"xdm":{"_adobe_corpnew":{"app":{"installedApplications":[{"id":"PPRO","language":"en-US","majorVersion":26,"minorVersion":3,"name":"Premiere Pro","patchVersion":0,"version":"26.3.0.93"}],"language":"en-US"}},"application":{"id":"CCXP","name":"CCX Process","version":"7.8.0.2"},"device":{"platform":"winx86_64","type":"desktop"},"environment":{"_dc":{"language":"en-US"},"browserDetails":{"userAgentClientHints":{"platform":"winx86_64"}},"operatingSystem":"Windows","operatingSystemVersion":"10.0.26200"},"eventType":"personalization.request"}},"errorMessage":"NoTargetingCampaign","errorCode":30002}],"surfaceAnalyticsData":{"surfaceId":"Discover_Panel"}},"DP_Tool_Techniques_v1":{"failedContainers":[{"gsdkEnabledContent":true,"containerId":1,"containerLabel":"DP Tool Techniques v1","containerAnalyticsData":{"variationId":"21617def-cb64-4d77-a309-6bef73b3feca-0:::17da5b6a-5841-499c-81d9-4b5bb9ca0f23#3edb1997-bf0a-435c-a254-129f5aa290ac, 14e68667-b036-4890-b95b-af3b145acd7d#4ba9ecea-0971-435a-91ab-37fd2a46436a, 189b67e0-44bf-4968-8f3a-936b481d9ecd#3edb1997-bf0a-435c-a254-129f5aa290ac, d298ac49-f6c4-4c10-afb4-bf044f34d539#4ba9ecea-0971-435a-91ab-37fd2a46436a::::::f8f359d2-c1ae-40f7-9e06-66366ba7174a","actionBlockId":"f8f359d2-c1ae-40f7-9e06-66366ba7174a","campaignId":"02b682d0-a6b1-4df8-8722-a63c771198d0#3edb1997-bf0a-435c-a254-129f5aa290ac:::","containerStatus":"ready-DP Tool Techniques v1"},"gsdkStatus":"ready","gsdkContent":{"campaignState":"NoTargetingCampaign","consumer":{"code":"PPRO","id":82,"language":"en-US","name":"Premiere Pro","version":"26.3.0.93"},"container":{"lastUpdated":"2026-02-06T22:42:53.130Z","name":"DP Tool Techniques v1"},"id":10820,"monitoringData":{"exp.action_block_id":"f8f359d2-c1ae-40f7-9e06-66366ba7174a","exp.campaign_id":"02b682d0-a6b1-4df8-8722-a63c771198d0#3edb1997-bf0a-435c-a254-129f5aa290ac:::","exp.experience_id":"02b682d0-a6b1-4df8-8722-a63c771198d0#3edb1997-bf0a-435c-a254-129f5aa290ac","exp.request_guid":"c1308954-1142-41c0-adc8-35caf3c49c68","exp.response_guid":"4519ac40-f8fe-4549-bac8-3af48f1b0e2c","exp.surface_id":"4519ac40-f8fe-4549-bac8-3af48f1b0e2c","exp.variation_id":"21617def-cb64-4d77-a309-6bef73b3feca-0:::17da5b6a-5841-499c-81d9-4b5bb9ca0f23#3edb1997-bf0a-435c-a254-129f5aa290ac, 14e68667-b036-4890-b95b-af3b145acd7d#4ba9ecea-0971-435a-91ab-37fd2a46436a, 189b67e0-44bf-4968-8f3a-936b481d9ecd#3edb1997-bf0a-435c-a254-129f5aa290ac, d298ac49-f6c4-4c10-afb4-bf044f34d539#4ba9ecea-0971-435a-91ab-37fd2a46436a::::::f8f359d2-c1ae-40f7-9e06-66366ba7174a"},"proposition":{"id":"4519ac40-f8fe-4549-bac8-3af48f1b0e2c","items":[{"data":{"content":{"dp_ccn":"No Content","dp_core":"No Content","dp_dynamic_template":"No Content","dp_learn":"No Content","dp_tool_tech":"No Content","hs_3_1_inapp_tutorial":"https://utut-service.adobe.com/api/ututs?api_key=UtutSophiaCampaign1&metadata.platforms[]=in-app&status=live&metadata.application.sap_code=PPRO&locale=en_US&aem_id=premiere-pro/how-to/in-app/040-save-time-with-different-preview-options-in-premiere-pro&aem_id=premiere-pro/how-to/in-app/try-generative-extend&aem_id=premiere-pro/how-to/in-app/animation-basics&aem_id=premiere-pro/how-to/in-app/create-rough-cut-text-based-edit&aem_id=premiere-pro/how-to/in-app/036-make-beauty-spots-sparkle&aem_id=premiere-pro/how-to/in-app/cut-to-the-beat&aem_id=premiere-pro/how-to/in-app/020-add-speed-ramping&aem_id=premiere-pro/how-to/in-app/032-make-food-colors-pop","hs_3_1_user_intent_dialog":"No Content","hs_3_1_web_tutorial":"https://utut-service.adobe.com/api/recommendation/tutorial/123?metadata.application.sap_code=PPRO&locale=en_US&metadata.platforms=helpx&api_key=EngagementStream1&max_tutorials=15","hs_4_0_profile_base":"No Content","hs_4_0_toast":"No Content","hs_4_0_touts":"https://odin.adobe.com/content/dam/ccfirstmile/PPRO/en_US/ExperienceHomeMX24/pr-2026-04-firefly-cousage-experience-Phase1.cfm.gql.json","hs_4_0_view_plans":"No Content","hs_4_0_whats_new":"https://odin.adobe.com/content/dam/ccfirstmile/PPRO/en_US/componentWhatsNewToastal/Pr-GA-Apr-26-Multicard-WN-3553.cfm.gql.json","lcm_learn":"No Content","pes_atlas":"No Content","pes_browse_learn":"No Content","pes_features":"No Content","pes_whats_new":"No Content"}},"id":"f8f359d2-c1ae-40f7-9e06-66366ba7174a","schema":"https://ns.adobe.com/personalization/json-content-item"}],"scope":"adbpr://desktop","scopeDetails":{"activity":{"id":"02b682d0-a6b1-4df8-8722-a63c771198d0#3edb1997-bf0a-435c-a254-129f5aa290ac","matchedSurfaces":["adbpr://desktop/"],"priority":45},"characteristics":{"eventToken":"eyJtZXNzYWdlRXhlY3V0aW9uIjp7Im1lc3NhZ2VFeGVjdXRpb25JRCI6IlVFOkluYm91bmQiLCJtZXNzYWdlSUQiOiI1ZTllYzk4Yi1lMDk2LTQ5NGMtYTIwOS01ZGRhZjUxNzc4NGYiLCJtZXNzYWdlUHVibGljYXRpb25JRCI6IjIxNjE3ZGVmLWNiNjQtNGQ3Ny1hMzA5LTZiZWY3M2IzZmVjYSIsIm1lc3NhZ2VUeXBlIjoibWFya2V0aW5nIiwiY2FtcGFpZ25JRCI6IjAyYjY4MmQwLWE2YjEtNGRmOC04NzIyLWE2M2M3NzExOThkMCIsImNhbXBhaWduVmVyc2lvbklEIjoiYTRhM2E0NGUtODQyNy00OWViLTg4NjUtYzc2OGE1NGM3OGU1IiwiY2FtcGFpZ25BY3Rpb25JRCI6IjNlZGIxOTk3LWJmMGEtNDM1Yy1hMjU0LTEyOWY1YWEyOTBhYyJ9LCJtZXNzYWdlUHJvZmlsZSI6eyJtZXNzYWdlUHJvZmlsZUlEIjoiOWU3ODJkMzMtMTZmNS00ZGFkLWFkOTEtNjgwNzc4NDNmYjhkIiwiY2hhbm5lbCI6eyJfaWQiOiJodHRwczovL25zLmFkb2JlLmNvbS94ZG0vY2hhbm5lbHMvY29kZSIsIl90eXBlIjoiaHR0cHM6Ly9ucy5hZG9iZS5jb20veGRtL2NoYW5uZWwtdHlwZXMvY29kZSJ9fX0=","subPropositions":"W3siaWQiOiIyYzdlMjJiYS02ODJkLTQyZGYtODRmNy0yYWU4YjRlNWYxY2MiLCJzY29wZSI6ImFkYnByOi8vZGVza3RvcCIsInNjb3BlRGV0YWlscyI6eyJkZWNpc2lvblByb3ZpZGVyIjoiRVhEIiwiY29ycmVsYXRpb25JRCI6IjIxNjE3ZGVmLWNiNjQtNGQ3Ny1hMzA5LTZiZWY3M2IzZmVjYS0wIiwic3RyYXRlZ2llcyI6W3sic3RyYXRlZ3lJRCI6IjQ5ODVjNWFkLTI4OGUtNDlmYS1hMDc2LTNmOTM2ZGY4YmQ1NyIsInN0ZXAiOiJkZWNpc2lvblBvbGljeSJ9LHsic3RyYXRlZ3lJRCI6ImFkYnByOi8vZGVza3RvcCIsInN0ZXAiOiJwbGFjZW1lbnQifV0sInJhbmsiOjUsImFjdGl2aXR5Ijp7ImlkIjoiMDJiNjgyZDAtYTZiMS00ZGY4LTg3MjItYTYzYzc3MTE5OGQwIzNlZGIxOTk3LWJmMGEtNDM1Yy1hMjU0LTEyOWY1YWEyOTBhYyIsInByaW9yaXR5Ijo0NSwibWF0Y2hlZFN1cmZhY2VzIjpbImFkYnByOi8vZGVza3RvcC8iXX19LCJpdGVtcyI6W3siaWQiOiJkcHM6MzJiZmZmZmRmNmM0ZTA0NjgxMDBkMTJhOTgxZWVlNDAxYzViNWEzZjk3YjdjYmZkOjFjNzc3OWNmYTNlNGI3MzgiLCJldGFnIjoiNiIsIm5hbWUiOiJbT0ZSXSBQckRfRkZfQ291c2FnZV9QaGFzZTFfRU4iLCJpdGVtU2VsZWN0aW9uIjp7InNlbGVjdGlvbkRldGFpbCI6eyJzZWxlY3Rpb25UeXBlIjoibWFudWFsIiwidmVyc2lvbiI6ImxhdGVzdCJ9fSwidG9rZW4iOiJqcFFIRTVwN0FTbGZBMFI5eDVmUzNnIn1dfV0="},"correlationID":"21617def-cb64-4d77-a309-6bef73b3feca-0","decisionProvider":"AJO","rank":5,"strategies":[{"step":"passthroughActions","strategyID":"17da5b6a-5841-499c-81d9-4b5bb9ca0f23#3edb1997-bf0a-435c-a254-129f5aa290ac, 14e68667-b036-4890-b95b-af3b145acd7d#4ba9ecea-0971-435a-91ab-37fd2a46436a, 189b67e0-44bf-4968-8f3a-936b481d9ecd#3edb1997-bf0a-435c-a254-129f5aa290ac, d298ac49-f6c4-4c10-afb4-bf044f34d539#4ba9ecea-0971-435a-91ab-37fd2a46436a"}]}},"refreshTimestamp":"2026-07-15T21:08:41.250Z","rootAssetMetadata":[{"contentType":"application/octet-stream","dependencies":[],"fileExtension":"","filename":"","id":20260,"isPersonalized":false,"refreshTimestamp":"2026-07-15T21:08:41.264Z","url":"No Content"}],"sortOrder":1,"source":"surface","status":"ready","tags":["DP_Tool_Techniques_v1"],"xdm":{"_adobe_corpnew":{"app":{"installedApplications":[{"id":"PPRO","language":"en-US","majorVersion":26,"minorVersion":3,"name":"Premiere Pro","patchVersion":0,"version":"26.3.0.93"}],"language":"en-US"}},"application":{"id":"CCXP","name":"CCX Process","version":"7.8.0.2"},"device":{"platform":"winx86_64","type":"desktop"},"environment":{"_dc":{"language":"en-US"},"browserDetails":{"userAgentClientHints":{"platform":"winx86_64"}},"operatingSystem":"Windows","operatingSystemVersion":"10.0.26200"},"eventType":"personalization.request"}},"errorMessage":"NoTargetingCampaign","errorCode":30002}],"surfaceAnalyticsData":{"surfaceId":"DP_Tool_Techniques_v1"}},"in_app_contextual_notifications":{"failedContainers":[{"gsdkEnabledContent":true,"containerId":1,"containerLabel":"In-App Contextual Notifications","containerAnalyticsData":{"variationId":"21617def-cb64-4d77-a309-6bef73b3feca-0:::17da5b6a-5841-499c-81d9-4b5bb9ca0f23#3edb1997-bf0a-435c-a254-129f5aa290ac, 14e68667-b036-4890-b95b-af3b145acd7d#4ba9ecea-0971-435a-91ab-37fd2a46436a, 189b67e0-44bf-4968-8f3a-936b481d9ecd#3edb1997-bf0a-435c-a254-129f5aa290ac, d298ac49-f6c4-4c10-afb4-bf044f34d539#4ba9ecea-0971-435a-91ab-37fd2a46436a::::::f8f359d2-c1ae-40f7-9e06-66366ba7174a","actionBlockId":"f8f359d2-c1ae-40f7-9e06-66366ba7174a","campaignId":"02b682d0-a6b1-4df8-8722-a63c771198d0#3edb1997-bf0a-435c-a254-129f5aa290ac:::","containerStatus":"ready-In-App Contextual Notifications"},"gsdkStatus":"ready","gsdkContent":{"campaignState":"NoTargetingCampaign","consumer":{"code":"PPRO","id":82,"language":"en-US","name":"Premiere Pro","version":"26.3.0.93"},"container":{"lastUpdated":"2026-02-06T22:42:53.130Z","name":"In-App Contextual Notifications"},"id":10819,"monitoringData":{"exp.action_block_id":"f8f359d2-c1ae-40f7-9e06-66366ba7174a","exp.campaign_id":"02b682d0-a6b1-4df8-8722-a63c771198d0#3edb1997-bf0a-435c-a254-129f5aa290ac:::","exp.experience_id":"02b682d0-a6b1-4df8-8722-a63c771198d0#3edb1997-bf0a-435c-a254-129f5aa290ac","exp.request_guid":"c1308954-1142-41c0-adc8-35caf3c49c68","exp.response_guid":"4519ac40-f8fe-4549-bac8-3af48f1b0e2c","exp.surface_id":"4519ac40-f8fe-4549-bac8-3af48f1b0e2c","exp.variation_id":"21617def-cb64-4d77-a309-6bef73b3feca-0:::17da5b6a-5841-499c-81d9-4b5bb9ca0f23#3edb1997-bf0a-435c-a254-129f5aa290ac, 14e68667-b036-4890-b95b-af3b145acd7d#4ba9ecea-0971-435a-91ab-37fd2a46436a, 189b67e0-44bf-4968-8f3a-936b481d9ecd#3edb1997-bf0a-435c-a254-129f5aa290ac, d298ac49-f6c4-4c10-afb4-bf044f34d539#4ba9ecea-0971-435a-91ab-37fd2a46436a::::::f8f359d2-c1ae-40f7-9e06-66366ba7174a"},"proposition":{"id":"4519ac40-f8fe-4549-bac8-3af48f1b0e2c","items":[{"data":{"content":{"dp_ccn":"No Content","dp_core":"No Content","dp_dynamic_template":"No Content","dp_learn":"No Content","dp_tool_tech":"No Content","hs_3_1_inapp_tutorial":"https://utut-service.adobe.com/api/ututs?api_key=UtutSophiaCampaign1&metadata.platforms[]=in-app&status=live&metadata.application.sap_code=PPRO&locale=en_US&aem_id=premiere-pro/how-to/in-app/040-save-time-with-different-preview-options-in-premiere-pro&aem_id=premiere-pro/how-to/in-app/try-generative-extend&aem_id=premiere-pro/how-to/in-app/animation-basics&aem_id=premiere-pro/how-to/in-app/create-rough-cut-text-based-edit&aem_id=premiere-pro/how-to/in-app/036-make-beauty-spots-sparkle&aem_id=premiere-pro/how-to/in-app/cut-to-the-beat&aem_id=premiere-pro/how-to/in-app/020-add-speed-ramping&aem_id=premiere-pro/how-to/in-app/032-make-food-colors-pop","hs_3_1_user_intent_dialog":"No Content","hs_3_1_web_tutorial":"https://utut-service.adobe.com/api/recommendation/tutorial/123?metadata.application.sap_code=PPRO&locale=en_US&metadata.platforms=helpx&api_key=EngagementStream1&max_tutorials=15","hs_4_0_profile_base":"No Content","hs_4_0_toast":"No Content","hs_4_0_touts":"https://odin.adobe.com/content/dam/ccfirstmile/PPRO/en_US/ExperienceHomeMX24/pr-2026-04-firefly-cousage-experience-Phase1.cfm.gql.json","hs_4_0_view_plans":"No Content","hs_4_0_whats_new":"https://odin.adobe.com/content/dam/ccfirstmile/PPRO/en_US/componentWhatsNewToastal/Pr-GA-Apr-26-Multicard-WN-3553.cfm.gql.json","lcm_learn":"No Content","pes_atlas":"No Content","pes_browse_learn":"No Content","pes_features":"No Content","pes_whats_new":"No Content"}},"id":"f8f359d2-c1ae-40f7-9e06-66366ba7174a","schema":"https://ns.adobe.com/personalization/json-content-item"}],"scope":"adbpr://desktop","scopeDetails":{"activity":{"id":"02b682d0-a6b1-4df8-8722-a63c771198d0#3edb1997-bf0a-435c-a254-129f5aa290ac","matchedSurfaces":["adbpr://desktop/"],"priority":45},"characteristics":{"eventToken":"eyJtZXNzYWdlRXhlY3V0aW9uIjp7Im1lc3NhZ2VFeGVjdXRpb25JRCI6IlVFOkluYm91bmQiLCJtZXNzYWdlSUQiOiI1ZTllYzk4Yi1lMDk2LTQ5NGMtYTIwOS01ZGRhZjUxNzc4NGYiLCJtZXNzYWdlUHVibGljYXRpb25JRCI6IjIxNjE3ZGVmLWNiNjQtNGQ3Ny1hMzA5LTZiZWY3M2IzZmVjYSIsIm1lc3NhZ2VUeXBlIjoibWFya2V0aW5nIiwiY2FtcGFpZ25JRCI6IjAyYjY4MmQwLWE2YjEtNGRmOC04NzIyLWE2M2M3NzExOThkMCIsImNhbXBhaWduVmVyc2lvbklEIjoiYTRhM2E0NGUtODQyNy00OWViLTg4NjUtYzc2OGE1NGM3OGU1IiwiY2FtcGFpZ25BY3Rpb25JRCI6IjNlZGIxOTk3LWJmMGEtNDM1Yy1hMjU0LTEyOWY1YWEyOTBhYyJ9LCJtZXNzYWdlUHJvZmlsZSI6eyJtZXNzYWdlUHJvZmlsZUlEIjoiOWU3ODJkMzMtMTZmNS00ZGFkLWFkOTEtNjgwNzc4NDNmYjhkIiwiY2hhbm5lbCI6eyJfaWQiOiJodHRwczovL25zLmFkb2JlLmNvbS94ZG0vY2hhbm5lbHMvY29kZSIsIl90eXBlIjoiaHR0cHM6Ly9ucy5hZG9iZS5jb20veGRtL2NoYW5uZWwtdHlwZXMvY29kZSJ9fX0=","subPropositions":"W3siaWQiOiIyYzdlMjJiYS02ODJkLTQyZGYtODRmNy0yYWU4YjRlNWYxY2MiLCJzY29wZSI6ImFkYnByOi8vZGVza3RvcCIsInNjb3BlRGV0YWlscyI6eyJkZWNpc2lvblByb3ZpZGVyIjoiRVhEIiwiY29ycmVsYXRpb25JRCI6IjIxNjE3ZGVmLWNiNjQtNGQ3Ny1hMzA5LTZiZWY3M2IzZmVjYS0wIiwic3RyYXRlZ2llcyI6W3sic3RyYXRlZ3lJRCI6IjQ5ODVjNWFkLTI4OGUtNDlmYS1hMDc2LTNmOTM2ZGY4YmQ1NyIsInN0ZXAiOiJkZWNpc2lvblBvbGljeSJ9LHsic3RyYXRlZ3lJRCI6ImFkYnByOi8vZGVza3RvcCIsInN0ZXAiOiJwbGFjZW1lbnQifV0sInJhbmsiOjUsImFjdGl2aXR5Ijp7ImlkIjoiMDJiNjgyZDAtYTZiMS00ZGY4LTg3MjItYTYzYzc3MTE5OGQwIzNlZGIxOTk3LWJmMGEtNDM1Yy1hMjU0LTEyOWY1YWEyOTBhYyIsInByaW9yaXR5Ijo0NSwibWF0Y2hlZFN1cmZhY2VzIjpbImFkYnByOi8vZGVza3RvcC8iXX19LCJpdGVtcyI6W3siaWQiOiJkcHM6MzJiZmZmZmRmNmM0ZTA0NjgxMDBkMTJhOTgxZWVlNDAxYzViNWEzZjk3YjdjYmZkOjFjNzc3OWNmYTNlNGI3MzgiLCJldGFnIjoiNiIsIm5hbWUiOiJbT0ZSXSBQckRfRkZfQ291c2FnZV9QaGFzZTFfRU4iLCJpdGVtU2VsZWN0aW9uIjp7InNlbGVjdGlvbkRldGFpbCI6eyJzZWxlY3Rpb25UeXBlIjoibWFudWFsIiwidmVyc2lvbiI6ImxhdGVzdCJ9fSwidG9rZW4iOiJqcFFIRTVwN0FTbGZBMFI5eDVmUzNnIn1dfV0="},"correlationID":"21617def-cb64-4d77-a309-6bef73b3feca-0","decisionProvider":"AJO","rank":5,"strategies":[{"step":"passthroughActions","strategyID":"17da5b6a-5841-499c-81d9-4b5bb9ca0f23#3edb1997-bf0a-435c-a254-129f5aa290ac, 14e68667-b036-4890-b95b-af3b145acd7d#4ba9ecea-0971-435a-91ab-37fd2a46436a, 189b67e0-44bf-4968-8f3a-936b481d9ecd#3edb1997-bf0a-435c-a254-129f5aa290ac, d298ac49-f6c4-4c10-afb4-bf044f34d539#4ba9ecea-0971-435a-91ab-37fd2a46436a"}]}},"refreshTimestamp":"2026-07-15T21:08:41.250Z","rootAssetMetadata":[{"contentType":"application/octet-stream","dependencies":[],"fileExtension":"","filename":"","id":20259,"isPersonalized":false,"refreshTimestamp":"2026-07-15T21:08:41.264Z","url":"No Content"}],"sortOrder":1,"source":"surface","status":"ready","tags":["in_app_contextual_notifications"],"xdm":{"_adobe_corpnew":{"app":{"installedApplications":[{"id":"PPRO","language":"en-US","majorVersion":26,"minorVersion":3,"name":"Premiere Pro","patchVersion":0,"version":"26.3.0.93"}],"language":"en-US"}},"application":{"id":"CCXP","name":"CCX Process","version":"7.8.0.2"},"device":{"platform":"winx86_64","type":"desktop"},"environment":{"_dc":{"language":"en-US"},"browserDetails":{"userAgentClientHints":{"platform":"winx86_64"}},"operatingSystem":"Windows","operatingSystemVersion":"10.0.26200"},"eventType":"personalization.request"}},"errorMessage":"NoTargetingCampaign","errorCode":30002},{"gsdkEnabledContent":true,"containerId":2,"containerLabel":"Dynamic DP Modes","containerAnalyticsData":{"variationId":"21617def-cb64-4d77-a309-6bef73b3feca-0:::17da5b6a-5841-499c-81d9-4b5bb9ca0f23#3edb1997-bf0a-435c-a254-129f5aa290ac, 14e68667-b036-4890-b95b-af3b145acd7d#4ba9ecea-0971-435a-91ab-37fd2a46436a, 189b67e0-44bf-4968-8f3a-936b481d9ecd#3edb1997-bf0a-435c-a254-129f5aa290ac, d298ac49-f6c4-4c10-afb4-bf044f34d539#4ba9ecea-0971-435a-91ab-37fd2a46436a::::::f8f359d2-c1ae-40f7-9e06-66366ba7174a","actionBlockId":"f8f359d2-c1ae-40f7-9e06-66366ba7174a","campaignId":"02b682d0-a6b1-4df8-8722-a63c771198d0#3edb1997-bf0a-435c-a254-129f5aa290ac:::","containerStatus":"ready-Dynamic DP Modes"},"gsdkStatus":"ready","gsdkContent":{"campaignState":"NoTargetingCampaign","consumer":{"code":"PPRO","id":82,"language":"en-US","name":"Premiere Pro","version":"26.3.0.93"},"container":{"lastUpdated":"2026-02-06T22:42:53.130Z","name":"Dynamic DP Modes"},"id":10821,"monitoringData":{"exp.action_block_id":"f8f359d2-c1ae-40f7-9e06-66366ba7174a","exp.campaign_id":"02b682d0-a6b1-4df8-8722-a63c771198d0#3edb1997-bf0a-435c-a254-129f5aa290ac:::","exp.experience_id":"02b682d0-a6b1-4df8-8722-a63c771198d0#3edb1997-bf0a-435c-a254-129f5aa290ac","exp.request_guid":"c1308954-1142-41c0-adc8-35caf3c49c68","exp.response_guid":"4519ac40-f8fe-4549-bac8-3af48f1b0e2c","exp.surface_id":"4519ac40-f8fe-4549-bac8-3af48f1b0e2c","exp.variation_id":"21617def-cb64-4d77-a309-6bef73b3feca-0:::17da5b6a-5841-499c-81d9-4b5bb9ca0f23#3edb1997-bf0a-435c-a254-129f5aa290ac, 14e68667-b036-4890-b95b-af3b145acd7d#4ba9ecea-0971-435a-91ab-37fd2a46436a, 189b67e0-44bf-4968-8f3a-936b481d9ecd#3edb1997-bf0a-435c-a254-129f5aa290ac, d298ac49-f6c4-4c10-afb4-bf044f34d539#4ba9ecea-0971-435a-91ab-37fd2a46436a::::::f8f359d2-c1ae-40f7-9e06-66366ba7174a"},"proposition":{"id":"4519ac40-f8fe-4549-bac8-3af48f1b0e2c","items":[{"data":{"content":{"dp_ccn":"No Content","dp_core":"No Content","dp_dynamic_template":"No Content","dp_learn":"No Content","dp_tool_tech":"No Content","hs_3_1_inapp_tutorial":"https://utut-service.adobe.com/api/ututs?api_key=UtutSophiaCampaign1&metadata.platforms[]=in-app&status=live&metadata.application.sap_code=PPRO&locale=en_US&aem_id=premiere-pro/how-to/in-app/040-save-time-with-different-preview-options-in-premiere-pro&aem_id=premiere-pro/how-to/in-app/try-generative-extend&aem_id=premiere-pro/how-to/in-app/animation-basics&aem_id=premiere-pro/how-to/in-app/create-rough-cut-text-based-edit&aem_id=premiere-pro/how-to/in-app/036-make-beauty-spots-sparkle&aem_id=premiere-pro/how-to/in-app/cut-to-the-beat&aem_id=premiere-pro/how-to/in-app/020-add-speed-ramping&aem_id=premiere-pro/how-to/in-app/032-make-food-colors-pop","hs_3_1_user_intent_dialog":"No Content","hs_3_1_web_tutorial":"https://utut-service.adobe.com/api/recommendation/tutorial/123?metadata.application.sap_code=PPRO&locale=en_US&metadata.platforms=helpx&api_key=EngagementStream1&max_tutorials=15","hs_4_0_profile_base":"No Content","hs_4_0_toast":"No Content","hs_4_0_touts":"https://odin.adobe.com/content/dam/ccfirstmile/PPRO/en_US/ExperienceHomeMX24/pr-2026-04-firefly-cousage-experience-Phase1.cfm.gql.json","hs_4_0_view_plans":"No Content","hs_4_0_whats_new":"https://odin.adobe.com/content/dam/ccfirstmile/PPRO/en_US/componentWhatsNewToastal/Pr-GA-Apr-26-Multicard-WN-3553.cfm.gql.json","lcm_learn":"No Content","pes_atlas":"No Content","pes_browse_learn":"No Content","pes_features":"No Content","pes_whats_new":"No Content"}},"id":"f8f359d2-c1ae-40f7-9e06-66366ba7174a","schema":"https://ns.adobe.com/personalization/json-content-item"}],"scope":"adbpr://desktop","scopeDetails":{"activity":{"id":"02b682d0-a6b1-4df8-8722-a63c771198d0#3edb1997-bf0a-435c-a254-129f5aa290ac","matchedSurfaces":["adbpr://desktop/"],"priority":45},"characteristics":{"eventToken":"eyJtZXNzYWdlRXhlY3V0aW9uIjp7Im1lc3NhZ2VFeGVjdXRpb25JRCI6IlVFOkluYm91bmQiLCJtZXNzYWdlSUQiOiI1ZTllYzk4Yi1lMDk2LTQ5NGMtYTIwOS01ZGRhZjUxNzc4NGYiLCJtZXNzYWdlUHVibGljYXRpb25JRCI6IjIxNjE3ZGVmLWNiNjQtNGQ3Ny1hMzA5LTZiZWY3M2IzZmVjYSIsIm1lc3NhZ2VUeXBlIjoibWFya2V0aW5nIiwiY2FtcGFpZ25JRCI6IjAyYjY4MmQwLWE2YjEtNGRmOC04NzIyLWE2M2M3NzExOThkMCIsImNhbXBhaWduVmVyc2lvbklEIjoiYTRhM2E0NGUtODQyNy00OWViLTg4NjUtYzc2OGE1NGM3OGU1IiwiY2FtcGFpZ25BY3Rpb25JRCI6IjNlZGIxOTk3LWJmMGEtNDM1Yy1hMjU0LTEyOWY1YWEyOTBhYyJ9LCJtZXNzYWdlUHJvZmlsZSI6eyJtZXNzYWdlUHJvZmlsZUlEIjoiOWU3ODJkMzMtMTZmNS00ZGFkLWFkOTEtNjgwNzc4NDNmYjhkIiwiY2hhbm5lbCI6eyJfaWQiOiJodHRwczovL25zLmFkb2JlLmNvbS94ZG0vY2hhbm5lbHMvY29kZSIsIl90eXBlIjoiaHR0cHM6Ly9ucy5hZG9iZS5jb20veGRtL2NoYW5uZWwtdHlwZXMvY29kZSJ9fX0=","subPropositions":"W3siaWQiOiIyYzdlMjJiYS02ODJkLTQyZGYtODRmNy0yYWU4YjRlNWYxY2MiLCJzY29wZSI6ImFkYnByOi8vZGVza3RvcCIsInNjb3BlRGV0YWlscyI6eyJkZWNpc2lvblByb3ZpZGVyIjoiRVhEIiwiY29ycmVsYXRpb25JRCI6IjIxNjE3ZGVmLWNiNjQtNGQ3Ny1hMzA5LTZiZWY3M2IzZmVjYS0wIiwic3RyYXRlZ2llcyI6W3sic3RyYXRlZ3lJRCI6IjQ5ODVjNWFkLTI4OGUtNDlmYS1hMDc2LTNmOTM2ZGY4YmQ1NyIsInN0ZXAiOiJkZWNpc2lvblBvbGljeSJ9LHsic3RyYXRlZ3lJRCI6ImFkYnByOi8vZGVza3RvcCIsInN0ZXAiOiJwbGFjZW1lbnQifV0sInJhbmsiOjUsImFjdGl2aXR5Ijp7ImlkIjoiMDJiNjgyZDAtYTZiMS00ZGY4LTg3MjItYTYzYzc3MTE5OGQwIzNlZGIxOTk3LWJmMGEtNDM1Yy1hMjU0LTEyOWY1YWEyOTBhYyIsInByaW9yaXR5Ijo0NSwibWF0Y2hlZFN1cmZhY2VzIjpbImFkYnByOi8vZGVza3RvcC8iXX19LCJpdGVtcyI6W3siaWQiOiJkcHM6MzJiZmZmZmRmNmM0ZTA0NjgxMDBkMTJhOTgxZWVlNDAxYzViNWEzZjk3YjdjYmZkOjFjNzc3OWNmYTNlNGI3MzgiLCJldGFnIjoiNiIsIm5hbWUiOiJbT0ZSXSBQckRfRkZfQ291c2FnZV9QaGFzZTFfRU4iLCJpdGVtU2VsZWN0aW9uIjp7InNlbGVjdGlvbkRldGFpbCI6eyJzZWxlY3Rpb25UeXBlIjoibWFudWFsIiwidmVyc2lvbiI6ImxhdGVzdCJ9fSwidG9rZW4iOiJqcFFIRTVwN0FTbGZBMFI5eDVmUzNnIn1dfV0="},"correlationID":"21617def-cb64-4d77-a309-6bef73b3feca-0","decisionProvider":"AJO","rank":5,"strategies":[{"step":"passthroughActions","strategyID":"17da5b6a-5841-499c-81d9-4b5bb9ca0f23#3edb1997-bf0a-435c-a254-129f5aa290ac, 14e68667-b036-4890-b95b-af3b145acd7d#4ba9ecea-0971-435a-91ab-37fd2a46436a, 189b67e0-44bf-4968-8f3a-936b481d9ecd#3edb1997-bf0a-435c-a254-129f5aa290ac, d298ac49-f6c4-4c10-afb4-bf044f34d539#4ba9ecea-0971-435a-91ab-37fd2a46436a"}]}},"refreshTimestamp":"2026-07-15T21:08:41.250Z","rootAssetMetadata":[{"contentType":"application/octet-stream","dependencies":[],"fileExtension":"","filename":"","id":20261,"isPersonalized":false,"refreshTimestamp":"2026-07-15T21:08:41.264Z","url":"No Content"}],"sortOrder":2,"source":"surface","status":"ready","tags":["in_app_contextual_notifications"],"xdm":{"_adobe_corpnew":{"app":{"installedApplications":[{"id":"PPRO","language":"en-US","majorVersion":26,"minorVersion":3,"name":"Premiere Pro","patchVersion":0,"version":"26.3.0.93"}],"language":"en-US"}},"application":{"id":"CCXP","name":"CCX Process","version":"7.8.0.2"},"device":{"platform":"winx86_64","type":"desktop"},"environment":{"_dc":{"language":"en-US"},"browserDetails":{"userAgentClientHints":{"platform":"winx86_64"}},"operatingSystem":"Windows","operatingSystemVersion":"10.0.26200"},"eventType":"personalization.request"}},"errorMessage":"NoTargetingCampaign","errorCode":30002}],"surfaceAnalyticsData":{"surfaceId":"in_app_contextual_notifications"}}},"_ccx":{"version":1}}
[2026-07-16_12-26-41][52108][Error] [console] [DP] Error: Discover_Panel surface is not found!! Error loading Discover_Panel surface
[2026-07-16_12-26-41][52108][Error] [console] [DP] Error: in_app_contextual_notifications surface has no containers. {"expirationDTS":"2026-07-17T21:09:11.509Z","surfaces":{"Discover_Panel":{"failedContainers":[{"gsdkEnabledContent":true,"containerId":1,"containerLabel":"Discover Panel","containerAnalyticsData":{"variationId":"21617def-cb64-4d77-a309-6bef73b3feca-0:::17da5b6a-5841-499c-81d9-4b5bb9ca0f23#3edb1997-bf0a-435c-a254-129f5aa290ac, 14e68667-b036-4890-b95b-af3b145acd7d#4ba9ecea-0971-435a-91ab-37fd2a46436a, 189b67e0-44bf-4968-8f3a-936b481d9ecd#3edb1997-bf0a-435c-a254-129f5aa290ac, d298ac49-f6c4-4c10-afb4-bf044f34d539#4ba9ecea-0971-435a-91ab-37fd2a46436a::::::f8f359d2-c1ae-40f7-9e06-66366ba7174a","actionBlockId":"f8f359d2-c1ae-40f7-9e06-66366ba7174a","campaignId":"02b682d0-a6b1-4df8-8722-a63c771198d0#3edb1997-bf0a-435c-a254-129f5aa290ac:::","containerStatus":"ready-Discover Panel"},"gsdkStatus":"ready","gsdkContent":{"campaignState":"NoTargetingCampaign","consumer":{"code":"PPRO","id":82,"language":"en-US","name":"Premiere Pro","version":"26.3.0.93"},"container":{"lastUpdated":"2026-02-06T22:42:53.130Z","name":"Discover Panel"},"id":10824,"monitoringData":{"exp.action_block_id":"f8f359d2-c1ae-40f7-9e06-66366ba7174a","exp.campaign_id":"02b682d0-a6b1-4df8-8722-a63c771198d0#3edb1997-bf0a-435c-a254-129f5aa290ac:::","exp.experience_id":"02b682d0-a6b1-4df8-8722-a63c771198d0#3edb1997-bf0a-435c-a254-129f5aa290ac","exp.request_guid":"c1308954-1142-41c0-adc8-35caf3c49c68","exp.response_guid":"4519ac40-f8fe-4549-bac8-3af48f1b0e2c","exp.surface_id":"4519ac40-f8fe-4549-bac8-3af48f1b0e2c","exp.variation_id":"21617def-cb64-4d77-a309-6bef73b3feca-0:::17da5b6a-5841-499c-81d9-4b5bb9ca0f23#3edb1997-bf0a-435c-a254-129f5aa290ac, 14e68667-b036-4890-b95b-af3b145acd7d#4ba9ecea-0971-435a-91ab-37fd2a46436a, 189b67e0-44bf-4968-8f3a-936b481d9ecd#3edb1997-bf0a-435c-a254-129f5aa290ac, d298ac49-f6c4-4c10-afb4-bf044f34d539#4ba9ecea-0971-435a-91ab-37fd2a46436a::::::f8f359d2-c1ae-40f7-9e06-66366ba7174a"},"proposition":{"id":"4519ac40-f8fe-4549-bac8-3af48f1b0e2c","items":[{"data":{"content":{"dp_ccn":"No Content","dp_core":"No Content","dp_dynamic_template":"No Content","dp_learn":"No Content","dp_tool_tech":"No Content","hs_3_1_inapp_tutorial":"https://utut-service.adobe.com/api/ututs?api_key=UtutSophiaCampaign1&metadata.platforms[]=in-app&status=live&metadata.application.sap_code=PPRO&locale=en_US&aem_id=premiere-pro/how-to/in-app/040-save-time-with-different-preview-options-in-premiere-pro&aem_id=premiere-pro/how-to/in-app/try-generative-extend&aem_id=premiere-pro/how-to/in-app/animation-basics&aem_id=premiere-pro/how-to/in-app/create-rough-cut-text-based-edit&aem_id=premiere-pro/how-to/in-app/036-make-beauty-spots-sparkle&aem_id=premiere-pro/how-to/in-app/cut-to-the-beat&aem_id=premiere-pro/how-to/in-app/020-add-speed-ramping&aem_id=premiere-pro/how-to/in-app/032-make-food-colors-pop","hs_3_1_user_intent_dialog":"No Content","hs_3_1_web_tutorial":"https://utut-service.adobe.com/api/recommendation/tutorial/123?metadata.application.sap_code=PPRO&locale=en_US&metadata.platforms=helpx&api_key=EngagementStream1&max_tutorials=15","hs_4_0_profile_base":"No Content","hs_4_0_toast":"No Content","hs_4_0_touts":"https://odin.adobe.com/content/dam/ccfirstmile/PPRO/en_US/ExperienceHomeMX24/pr-2026-04-firefly-cousage-experience-Phase1.cfm.gql.json","hs_4_0_view_plans":"No Content","hs_4_0_whats_new":"https://odin.adobe.com/content/dam/ccfirstmile/PPRO/en_US/componentWhatsNewToastal/Pr-GA-Apr-26-Multicard-WN-3553.cfm.gql.json","lcm_learn":"No Content","pes_atlas":"No Content","pes_browse_learn":"No Content","pes_features":"No Content","pes_whats_new":"No Content"}},"id":"f8f359d2-c1ae-40f7-9e06-66366ba7174a","schema":"https://ns.adobe.com/personalization/json-content-item"}],"scope":"adbpr://desktop","scopeDetails":{"activity":{"id":"02b682d0-a6b1-4df8-8722-a63c771198d0#3edb1997-bf0a-435c-a254-129f5aa290ac","matchedSurfaces":["adbpr://desktop/"],"priority":45},"characteristics":{"eventToken":"eyJtZXNzYWdlRXhlY3V0aW9uIjp7Im1lc3NhZ2VFeGVjdXRpb25JRCI6IlVFOkluYm91bmQiLCJtZXNzYWdlSUQiOiI1ZTllYzk4Yi1lMDk2LTQ5NGMtYTIwOS01ZGRhZjUxNzc4NGYiLCJtZXNzYWdlUHVibGljYXRpb25JRCI6IjIxNjE3ZGVmLWNiNjQtNGQ3Ny1hMzA5LTZiZWY3M2IzZmVjYSIsIm1lc3NhZ2VUeXBlIjoibWFya2V0aW5nIiwiY2FtcGFpZ25JRCI6IjAyYjY4MmQwLWE2YjEtNGRmOC04NzIyLWE2M2M3NzExOThkMCIsImNhbXBhaWduVmVyc2lvbklEIjoiYTRhM2E0NGUtODQyNy00OWViLTg4NjUtYzc2OGE1NGM3OGU1IiwiY2FtcGFpZ25BY3Rpb25JRCI6IjNlZGIxOTk3LWJmMGEtNDM1Yy1hMjU0LTEyOWY1YWEyOTBhYyJ9LCJtZXNzYWdlUHJvZmlsZSI6eyJtZXNzYWdlUHJvZmlsZUlEIjoiOWU3ODJkMzMtMTZmNS00ZGFkLWFkOTEtNjgwNzc4NDNmYjhkIiwiY2hhbm5lbCI6eyJfaWQiOiJodHRwczovL25zLmFkb2JlLmNvbS94ZG0vY2hhbm5lbHMvY29kZSIsIl90eXBlIjoiaHR0cHM6Ly9ucy5hZG9iZS5jb20veGRtL2NoYW5uZWwtdHlwZXMvY29kZSJ9fX0=","subPropositions":"W3siaWQiOiIyYzdlMjJiYS02ODJkLTQyZGYtODRmNy0yYWU4YjRlNWYxY2MiLCJzY29wZSI6ImFkYnByOi8vZGVza3RvcCIsInNjb3BlRGV0YWlscyI6eyJkZWNpc2lvblByb3ZpZGVyIjoiRVhEIiwiY29ycmVsYXRpb25JRCI6IjIxNjE3ZGVmLWNiNjQtNGQ3Ny1hMzA5LTZiZWY3M2IzZmVjYS0wIiwic3RyYXRlZ2llcyI6W3sic3RyYXRlZ3lJRCI6IjQ5ODVjNWFkLTI4OGUtNDlmYS1hMDc2LTNmOTM2ZGY4YmQ1NyIsInN0ZXAiOiJkZWNpc2lvblBvbGljeSJ9LHsic3RyYXRlZ3lJRCI6ImFkYnByOi8vZGVza3RvcCIsInN0ZXAiOiJwbGFjZW1lbnQifV0sInJhbmsiOjUsImFjdGl2aXR5Ijp7ImlkIjoiMDJiNjgyZDAtYTZiMS00ZGY4LTg3MjItYTYzYzc3MTE5OGQwIzNlZGIxOTk3LWJmMGEtNDM1Yy1hMjU0LTEyOWY1YWEyOTBhYyIsInByaW9yaXR5Ijo0NSwibWF0Y2hlZFN1cmZhY2VzIjpbImFkYnByOi8vZGVza3RvcC8iXX19LCJpdGVtcyI6W3siaWQiOiJkcHM6MzJiZmZmZmRmNmM0ZTA0NjgxMDBkMTJhOTgxZWVlNDAxYzViNWEzZjk3YjdjYmZkOjFjNzc3OWNmYTNlNGI3MzgiLCJldGFnIjoiNiIsIm5hbWUiOiJbT0ZSXSBQckRfRkZfQ291c2FnZV9QaGFzZTFfRU4iLCJpdGVtU2VsZWN0aW9uIjp7InNlbGVjdGlvbkRldGFpbCI6eyJzZWxlY3Rpb25UeXBlIjoibWFudWFsIiwidmVyc2lvbiI6ImxhdGVzdCJ9fSwidG9rZW4iOiJqcFFIRTVwN0FTbGZBMFI5eDVmUzNnIn1dfV0="},"correlationID":"21617def-cb64-4d77-a309-6bef73b3feca-0","decisionProvider":"AJO","rank":5,"strategies":[{"step":"passthroughActions","strategyID":"17da5b6a-5841-499c-81d9-4b5bb9ca0f23#3edb1997-bf0a-435c-a254-129f5aa290ac, 14e68667-b036-4890-b95b-af3b145acd7d#4ba9ecea-0971-435a-91ab-37fd2a46436a, 189b67e0-44bf-4968-8f3a-936b481d9ecd#3edb1997-bf0a-435c-a254-129f5aa290ac, d298ac49-f6c4-4c10-afb4-bf044f34d539#4ba9ecea-0971-435a-91ab-37fd2a46436a"}]}},"refreshTimestamp":"2026-07-15T21:08:41.250Z","rootAssetMetadata":[{"contentType":"application/octet-stream","dependencies":[],"fileExtension":"","filename":"","id":20264,"isPersonalized":false,"refreshTimestamp":"2026-07-15T21:08:41.264Z","url":"No Content"}],"sortOrder":1,"source":"surface","status":"ready","tags":["Discover_Panel"],"xdm":{"_adobe_corpnew":{"app":{"installedApplications":[{"id":"PPRO","language":"en-US","majorVersion":26,"minorVersion":3,"name":"Premiere Pro","patchVersion":0,"version":"26.3.0.93"}],"language":"en-US"}},"application":{"id":"CCXP","name":"CCX Process","version":"7.8.0.2"},"device":{"platform":"winx86_64","type":"desktop"},"environment":{"_dc":{"language":"en-US"},"browserDetails":{"userAgentClientHints":{"platform":"winx86_64"}},"operatingSystem":"Windows","operatingSystemVersion":"10.0.26200"},"eventType":"personalization.request"}},"errorMessage":"NoTargetingCampaign","errorCode":30002},{"gsdkEnabledContent":true,"containerId":2,"containerLabel":"Four Habits","containerAnalyticsData":{"variationId":"21617def-cb64-4d77-a309-6bef73b3feca-0:::17da5b6a-5841-499c-81d9-4b5bb9ca0f23#3edb1997-bf0a-435c-a254-129f5aa290ac, 14e68667-b036-4890-b95b-af3b145acd7d#4ba9ecea-0971-435a-91ab-37fd2a46436a, 189b67e0-44bf-4968-8f3a-936b481d9ecd#3edb1997-bf0a-435c-a254-129f5aa290ac, d298ac49-f6c4-4c10-afb4-bf044f34d539#4ba9ecea-0971-435a-91ab-37fd2a46436a::::::f8f359d2-c1ae-40f7-9e06-66366ba7174a","actionBlockId":"f8f359d2-c1ae-40f7-9e06-66366ba7174a","campaignId":"02b682d0-a6b1-4df8-8722-a63c771198d0#3edb1997-bf0a-435c-a254-129f5aa290ac:::","containerStatus":"ready-Four Habits"},"gsdkStatus":"ready","gsdkContent":{"campaignState":"NoTargetingCampaign","consumer":{"code":"PPRO","id":82,"language":"en-US","name":"Premiere Pro","version":"26.3.0.93"},"container":{"lastUpdated":"2026-02-06T22:42:53.130Z","name":"Four Habits"},"id":10827,"monitoringData":{"exp.action_block_id":"f8f359d2-c1ae-40f7-9e06-66366ba7174a","exp.campaign_id":"02b682d0-a6b1-4df8-8722-a63c771198d0#3edb1997-bf0a-435c-a254-129f5aa290ac:::","exp.experience_id":"02b682d0-a6b1-4df8-8722-a63c771198d0#3edb1997-bf0a-435c-a254-129f5aa290ac","exp.request_guid":"c1308954-1142-41c0-adc8-35caf3c49c68","exp.response_guid":"4519ac40-f8fe-4549-bac8-3af48f1b0e2c","exp.surface_id":"4519ac40-f8fe-4549-bac8-3af48f1b0e2c","exp.variation_id":"21617def-cb64-4d77-a309-6bef73b3feca-0:::17da5b6a-5841-499c-81d9-4b5bb9ca0f23#3edb1997-bf0a-435c-a254-129f5aa290ac, 14e68667-b036-4890-b95b-af3b145acd7d#4ba9ecea-0971-435a-91ab-37fd2a46436a, 189b67e0-44bf-4968-8f3a-936b481d9ecd#3edb1997-bf0a-435c-a254-129f5aa290ac, d298ac49-f6c4-4c10-afb4-bf044f34d539#4ba9ecea-0971-435a-91ab-37fd2a46436a::::::f8f359d2-c1ae-40f7-9e06-66366ba7174a"},"proposition":{"id":"4519ac40-f8fe-4549-bac8-3af48f1b0e2c","items":[{"data":{"content":{"dp_ccn":"No Content","dp_core":"No Content","dp_dynamic_template":"No Content","dp_learn":"No Content","dp_tool_tech":"No Content","hs_3_1_inapp_tutorial":"https://utut-service.adobe.com/api/ututs?api_key=UtutSophiaCampaign1&metadata.platforms[]=in-app&status=live&metadata.application.sap_code=PPRO&locale=en_US&aem_id=premiere-pro/how-to/in-app/040-save-time-with-different-preview-options-in-premiere-pro&aem_id=premiere-pro/how-to/in-app/try-generative-extend&aem_id=premiere-pro/how-to/in-app/animation-basics&aem_id=premiere-pro/how-to/in-app/create-rough-cut-text-based-edit&aem_id=premiere-pro/how-to/in-app/036-make-beauty-spots-sparkle&aem_id=premiere-pro/how-to/in-app/cut-to-the-beat&aem_id=premiere-pro/how-to/in-app/020-add-speed-ramping&aem_id=premiere-pro/how-to/in-app/032-make-food-colors-pop","hs_3_1_user_intent_dialog":"No Content","hs_3_1_web_tutorial":"https://utut-service.adobe.com/api/recommendation/tutorial/123?metadata.application.sap_code=PPRO&locale=en_US&metadata.platforms=helpx&api_key=EngagementStream1&max_tutorials=15","hs_4_0_profile_base":"No Content","hs_4_0_toast":"No Content","hs_4_0_touts":"https://odin.adobe.com/content/dam/ccfirstmile/PPRO/en_US/ExperienceHomeMX24/pr-2026-04-firefly-cousage-experience-Phase1.cfm.gql.json","hs_4_0_view_plans":"No Content","hs_4_0_whats_new":"https://odin.adobe.com/content/dam/ccfirstmile/PPRO/en_US/componentWhatsNewToastal/Pr-GA-Apr-26-Multicard-WN-3553.cfm.gql.json","lcm_learn":"No Content","pes_atlas":"No Content","pes_browse_learn":"No Content","pes_features":"No Content","pes_whats_new":"No Content"}},"id":"f8f359d2-c1ae-40f7-9e06-66366ba7174a","schema":"https://ns.adobe.com/personalization/json-content-item"}],"scope":"adbpr://desktop","scopeDetails":{"activity":{"id":"02b682d0-a6b1-4df8-8722-a63c771198d0#3edb1997-bf0a-435c-a254-129f5aa290ac","matchedSurfaces":["adbpr://desktop/"],"priority":45},"characteristics":{"eventToken":"eyJtZXNzYWdlRXhlY3V0aW9uIjp7Im1lc3NhZ2VFeGVjdXRpb25JRCI6IlVFOkluYm91bmQiLCJtZXNzYWdlSUQiOiI1ZTllYzk4Yi1lMDk2LTQ5NGMtYTIwOS01ZGRhZjUxNzc4NGYiLCJtZXNzYWdlUHVibGljYXRpb25JRCI6IjIxNjE3ZGVmLWNiNjQtNGQ3Ny1hMzA5LTZiZWY3M2IzZmVjYSIsIm1lc3NhZ2VUeXBlIjoibWFya2V0aW5nIiwiY2FtcGFpZ25JRCI6IjAyYjY4MmQwLWE2YjEtNGRmOC04NzIyLWE2M2M3NzExOThkMCIsImNhbXBhaWduVmVyc2lvbklEIjoiYTRhM2E0NGUtODQyNy00OWViLTg4NjUtYzc2OGE1NGM3OGU1IiwiY2FtcGFpZ25BY3Rpb25JRCI6IjNlZGIxOTk3LWJmMGEtNDM1Yy1hMjU0LTEyOWY1YWEyOTBhYyJ9LCJtZXNzYWdlUHJvZmlsZSI6eyJtZXNzYWdlUHJvZmlsZUlEIjoiOWU3ODJkMzMtMTZmNS00ZGFkLWFkOTEtNjgwNzc4NDNmYjhkIiwiY2hhbm5lbCI6eyJfaWQiOiJodHRwczovL25zLmFkb2JlLmNvbS94ZG0vY2hhbm5lbHMvY29kZSIsIl90eXBlIjoiaHR0cHM6Ly9ucy5hZG9iZS5jb20veGRtL2NoYW5uZWwtdHlwZXMvY29kZSJ9fX0=","subPropositions":"W3siaWQiOiIyYzdlMjJiYS02ODJkLTQyZGYtODRmNy0yYWU4YjRlNWYxY2MiLCJzY29wZSI6ImFkYnByOi8vZGVza3RvcCIsInNjb3BlRGV0YWlscyI6eyJkZWNpc2lvblByb3ZpZGVyIjoiRVhEIiwiY29ycmVsYXRpb25JRCI6IjIxNjE3ZGVmLWNiNjQtNGQ3Ny1hMzA5LTZiZWY3M2IzZmVjYS0wIiwic3RyYXRlZ2llcyI6W3sic3RyYXRlZ3lJRCI6IjQ5ODVjNWFkLTI4OGUtNDlmYS1hMDc2LTNmOTM2ZGY4YmQ1NyIsInN0ZXAiOiJkZWNpc2lvblBvbGljeSJ9LHsic3RyYXRlZ3lJRCI6ImFkYnByOi8vZGVza3RvcCIsInN0ZXAiOiJwbGFjZW1lbnQifV0sInJhbmsiOjUsImFjdGl2aXR5Ijp7ImlkIjoiMDJiNjgyZDAtYTZiMS00ZGY4LTg3MjItYTYzYzc3MTE5OGQwIzNlZGIxOTk3LWJmMGEtNDM1Yy1hMjU0LTEyOWY1YWEyOTBhYyIsInByaW9yaXR5Ijo0NSwibWF0Y2hlZFN1cmZhY2VzIjpbImFkYnByOi8vZGVza3RvcC8iXX19LCJpdGVtcyI6W3siaWQiOiJkcHM6MzJiZmZmZmRmNmM0ZTA0NjgxMDBkMTJhOTgxZWVlNDAxYzViNWEzZjk3YjdjYmZkOjFjNzc3OWNmYTNlNGI3MzgiLCJldGFnIjoiNiIsIm5hbWUiOiJbT0ZSXSBQckRfRkZfQ291c2FnZV9QaGFzZTFfRU4iLCJpdGVtU2VsZWN0aW9uIjp7InNlbGVjdGlvbkRldGFpbCI6eyJzZWxlY3Rpb25UeXBlIjoibWFudWFsIiwidmVyc2lvbiI6ImxhdGVzdCJ9fSwidG9rZW4iOiJqcFFIRTVwN0FTbGZBMFI5eDVmUzNnIn1dfV0="},"correlationID":"21617def-cb64-4d77-a309-6bef73b3feca-0","decisionProvider":"AJO","rank":5,"strategies":[{"step":"passthroughActions","strategyID":"17da5b6a-5841-499c-81d9-4b5bb9ca0f23#3edb1997-bf0a-435c-a254-129f5aa290ac, 14e68667-b036-4890-b95b-af3b145acd7d#4ba9ecea-0971-435a-91ab-37fd2a46436a, 189b67e0-44bf-4968-8f3a-936b481d9ecd#3edb1997-bf0a-435c-a254-129f5aa290ac, d298ac49-f6c4-4c10-afb4-bf044f34d539#4ba9ecea-0971-435a-91ab-37fd2a46436a"}]}},"refreshTimestamp":"2026-07-15T21:08:41.250Z","rootAssetMetadata":[{"contentType":"application/octet-stream","dependencies":[],"fileExtension":"","filename":"","id":20267,"isPersonalized":false,"refreshTimestamp":"2026-07-15T21:08:41.264Z","url":"No Content"}],"sortOrder":2,"source":"surface","status":"ready","tags":["Discover_Panel"],"xdm":{"_adobe_corpnew":{"app":{"installedApplications":[{"id":"PPRO","language":"en-US","majorVersion":26,"minorVersion":3,"name":"Premiere Pro","patchVersion":0,"version":"26.3.0.93"}],"language":"en-US"}},"application":{"id":"CCXP","name":"CCX Process","version":"7.8.0.2"},"device":{"platform":"winx86_64","type":"desktop"},"environment":{"_dc":{"language":"en-US"},"browserDetails":{"userAgentClientHints":{"platform":"winx86_64"}},"operatingSystem":"Windows","operatingSystemVersion":"10.0.26200"},"eventType":"personalization.request"}},"errorMessage":"NoTargetingCampaign","errorCode":30002}],"surfaceAnalyticsData":{"surfaceId":"Discover_Panel"}},"DP_Tool_Techniques_v1":{"failedContainers":[{"gsdkEnabledContent":true,"containerId":1,"containerLabel":"DP Tool Techniques v1","containerAnalyticsData":{"variationId":"21617def-cb64-4d77-a309-6bef73b3feca-0:::17da5b6a-5841-499c-81d9-4b5bb9ca0f23#3edb1997-bf0a-435c-a254-129f5aa290ac, 14e68667-b036-4890-b95b-af3b145acd7d#4ba9ecea-0971-435a-91ab-37fd2a46436a, 189b67e0-44bf-4968-8f3a-936b481d9ecd#3edb1997-bf0a-435c-a254-129f5aa290ac, d298ac49-f6c4-4c10-afb4-bf044f34d539#4ba9ecea-0971-435a-91ab-37fd2a46436a::::::f8f359d2-c1ae-40f7-9e06-66366ba7174a","actionBlockId":"f8f359d2-c1ae-40f7-9e06-66366ba7174a","campaignId":"02b682d0-a6b1-4df8-8722-a63c771198d0#3edb1997-bf0a-435c-a254-129f5aa290ac:::","containerStatus":"ready-DP Tool Techniques v1"},"gsdkStatus":"ready","gsdkContent":{"campaignState":"NoTargetingCampaign","consumer":{"code":"PPRO","id":82,"language":"en-US","name":"Premiere Pro","version":"26.3.0.93"},"container":{"lastUpdated":"2026-02-06T22:42:53.130Z","name":"DP Tool Techniques v1"},"id":10820,"monitoringData":{"exp.action_block_id":"f8f359d2-c1ae-40f7-9e06-66366ba7174a","exp.campaign_id":"02b682d0-a6b1-4df8-8722-a63c771198d0#3edb1997-bf0a-435c-a254-129f5aa290ac:::","exp.experience_id":"02b682d0-a6b1-4df8-8722-a63c771198d0#3edb1997-bf0a-435c-a254-129f5aa290ac","exp.request_guid":"c1308954-1142-41c0-adc8-35caf3c49c68","exp.response_guid":"4519ac40-f8fe-4549-bac8-3af48f1b0e2c","exp.surface_id":"4519ac40-f8fe-4549-bac8-3af48f1b0e2c","exp.variation_id":"21617def-cb64-4d77-a309-6bef73b3feca-0:::17da5b6a-5841-499c-81d9-4b5bb9ca0f23#3edb1997-bf0a-435c-a254-129f5aa290ac, 14e68667-b036-4890-b95b-af3b145acd7d#4ba9ecea-0971-435a-91ab-37fd2a46436a, 189b67e0-44bf-4968-8f3a-936b481d9ecd#3edb1997-bf0a-435c-a254-129f5aa290ac, d298ac49-f6c4-4c10-afb4-bf044f34d539#4ba9ecea-0971-435a-91ab-37fd2a46436a::::::f8f359d2-c1ae-40f7-9e06-66366ba7174a"},"proposition":{"id":"4519ac40-f8fe-4549-bac8-3af48f1b0e2c","items":[{"data":{"content":{"dp_ccn":"No Content","dp_core":"No Content","dp_dynamic_template":"No Content","dp_learn":"No Content","dp_tool_tech":"No Content","hs_3_1_inapp_tutorial":"https://utut-service.adobe.com/api/ututs?api_key=UtutSophiaCampaign1&metadata.platforms[]=in-app&status=live&metadata.application.sap_code=PPRO&locale=en_US&aem_id=premiere-pro/how-to/in-app/040-save-time-with-different-preview-options-in-premiere-pro&aem_id=premiere-pro/how-to/in-app/try-generative-extend&aem_id=premiere-pro/how-to/in-app/animation-basics&aem_id=premiere-pro/how-to/in-app/create-rough-cut-text-based-edit&aem_id=premiere-pro/how-to/in-app/036-make-beauty-spots-sparkle&aem_id=premiere-pro/how-to/in-app/cut-to-the-beat&aem_id=premiere-pro/how-to/in-app/020-add-speed-ramping&aem_id=premiere-pro/how-to/in-app/032-make-food-colors-pop","hs_3_1_user_intent_dialog":"No Content","hs_3_1_web_tutorial":"https://utut-service.adobe.com/api/recommendation/tutorial/123?metadata.application.sap_code=PPRO&locale=en_US&metadata.platforms=helpx&api_key=EngagementStream1&max_tutorials=15","hs_4_0_profile_base":"No Content","hs_4_0_toast":"No Content","hs_4_0_touts":"https://odin.adobe.com/content/dam/ccfirstmile/PPRO/en_US/ExperienceHomeMX24/pr-2026-04-firefly-cousage-experience-Phase1.cfm.gql.json","hs_4_0_view_plans":"No Content","hs_4_0_whats_new":"https://odin.adobe.com/content/dam/ccfirstmile/PPRO/en_US/componentWhatsNewToastal/Pr-GA-Apr-26-Multicard-WN-3553.cfm.gql.json","lcm_learn":"No Content","pes_atlas":"No Content","pes_browse_learn":"No Content","pes_features":"No Content","pes_whats_new":"No Content"}},"id":"f8f359d2-c1ae-40f7-9e06-66366ba7174a","schema":"https://ns.adobe.com/personalization/json-content-item"}],"scope":"adbpr://desktop","scopeDetails":{"activity":{"id":"02b682d0-a6b1-4df8-8722-a63c771198d0#3edb1997-bf0a-435c-a254-129f5aa290ac","matchedSurfaces":["adbpr://desktop/"],"priority":45},"characteristics":{"eventToken":"eyJtZXNzYWdlRXhlY3V0aW9uIjp7Im1lc3NhZ2VFeGVjdXRpb25JRCI6IlVFOkluYm91bmQiLCJtZXNzYWdlSUQiOiI1ZTllYzk4Yi1lMDk2LTQ5NGMtYTIwOS01ZGRhZjUxNzc4NGYiLCJtZXNzYWdlUHVibGljYXRpb25JRCI6IjIxNjE3ZGVmLWNiNjQtNGQ3Ny1hMzA5LTZiZWY3M2IzZmVjYSIsIm1lc3NhZ2VUeXBlIjoibWFya2V0aW5nIiwiY2FtcGFpZ25JRCI6IjAyYjY4MmQwLWE2YjEtNGRmOC04NzIyLWE2M2M3NzExOThkMCIsImNhbXBhaWduVmVyc2lvbklEIjoiYTRhM2E0NGUtODQyNy00OWViLTg4NjUtYzc2OGE1NGM3OGU1IiwiY2FtcGFpZ25BY3Rpb25JRCI6IjNlZGIxOTk3LWJmMGEtNDM1Yy1hMjU0LTEyOWY1YWEyOTBhYyJ9LCJtZXNzYWdlUHJvZmlsZSI6eyJtZXNzYWdlUHJvZmlsZUlEIjoiOWU3ODJkMzMtMTZmNS00ZGFkLWFkOTEtNjgwNzc4NDNmYjhkIiwiY2hhbm5lbCI6eyJfaWQiOiJodHRwczovL25zLmFkb2JlLmNvbS94ZG0vY2hhbm5lbHMvY29kZSIsIl90eXBlIjoiaHR0cHM6Ly9ucy5hZG9iZS5jb20veGRtL2NoYW5uZWwtdHlwZXMvY29kZSJ9fX0=","subPropositions":"W3siaWQiOiIyYzdlMjJiYS02ODJkLTQyZGYtODRmNy0yYWU4YjRlNWYxY2MiLCJzY29wZSI6ImFkYnByOi8vZGVza3RvcCIsInNjb3BlRGV0YWlscyI6eyJkZWNpc2lvblByb3ZpZGVyIjoiRVhEIiwiY29ycmVsYXRpb25JRCI6IjIxNjE3ZGVmLWNiNjQtNGQ3Ny1hMzA5LTZiZWY3M2IzZmVjYS0wIiwic3RyYXRlZ2llcyI6W3sic3RyYXRlZ3lJRCI6IjQ5ODVjNWFkLTI4OGUtNDlmYS1hMDc2LTNmOTM2ZGY4YmQ1NyIsInN0ZXAiOiJkZWNpc2lvblBvbGljeSJ9LHsic3RyYXRlZ3lJRCI6ImFkYnByOi8vZGVza3RvcCIsInN0ZXAiOiJwbGFjZW1lbnQifV0sInJhbmsiOjUsImFjdGl2aXR5Ijp7ImlkIjoiMDJiNjgyZDAtYTZiMS00ZGY4LTg3MjItYTYzYzc3MTE5OGQwIzNlZGIxOTk3LWJmMGEtNDM1Yy1hMjU0LTEyOWY1YWEyOTBhYyIsInByaW9yaXR5Ijo0NSwibWF0Y2hlZFN1cmZhY2VzIjpbImFkYnByOi8vZGVza3RvcC8iXX19LCJpdGVtcyI6W3siaWQiOiJkcHM6MzJiZmZmZmRmNmM0ZTA0NjgxMDBkMTJhOTgxZWVlNDAxYzViNWEzZjk3YjdjYmZkOjFjNzc3OWNmYTNlNGI3MzgiLCJldGFnIjoiNiIsIm5hbWUiOiJbT0ZSXSBQckRfRkZfQ291c2FnZV9QaGFzZTFfRU4iLCJpdGVtU2VsZWN0aW9uIjp7InNlbGVjdGlvbkRldGFpbCI6eyJzZWxlY3Rpb25UeXBlIjoibWFudWFsIiwidmVyc2lvbiI6ImxhdGVzdCJ9fSwidG9rZW4iOiJqcFFIRTVwN0FTbGZBMFI5eDVmUzNnIn1dfV0="},"correlationID":"21617def-cb64-4d77-a309-6bef73b3feca-0","decisionProvider":"AJO","rank":5,"strategies":[{"step":"passthroughActions","strategyID":"17da5b6a-5841-499c-81d9-4b5bb9ca0f23#3edb1997-bf0a-435c-a254-129f5aa290ac, 14e68667-b036-4890-b95b-af3b145acd7d#4ba9ecea-0971-435a-91ab-37fd2a46436a, 189b67e0-44bf-4968-8f3a-936b481d9ecd#3edb1997-bf0a-435c-a254-129f5aa290ac, d298ac49-f6c4-4c10-afb4-bf044f34d539#4ba9ecea-0971-435a-91ab-37fd2a46436a"}]}},"refreshTimestamp":"2026-07-15T21:08:41.250Z","rootAssetMetadata":[{"contentType":"application/octet-stream","dependencies":[],"fileExtension":"","filename":"","id":20260,"isPersonalized":false,"refreshTimestamp":"2026-07-15T21:08:41.264Z","url":"No Content"}],"sortOrder":1,"source":"surface","status":"ready","tags":["DP_Tool_Techniques_v1"],"xdm":{"_adobe_corpnew":{"app":{"installedApplications":[{"id":"PPRO","language":"en-US","majorVersion":26,"minorVersion":3,"name":"Premiere Pro","patchVersion":0,"version":"26.3.0.93"}],"language":"en-US"}},"application":{"id":"CCXP","name":"CCX Process","version":"7.8.0.2"},"device":{"platform":"winx86_64","type":"desktop"},"environment":{"_dc":{"language":"en-US"},"browserDetails":{"userAgentClientHints":{"platform":"winx86_64"}},"operatingSystem":"Windows","operatingSystemVersion":"10.0.26200"},"eventType":"personalization.request"}},"errorMessage":"NoTargetingCampaign","errorCode":30002}],"surfaceAnalyticsData":{"surfaceId":"DP_Tool_Techniques_v1"}},"in_app_contextual_notifications":{"failedContainers":[{"gsdkEnabledContent":true,"containerId":1,"containerLabel":"In-App Contextual Notifications","containerAnalyticsData":{"variationId":"21617def-cb64-4d77-a309-6bef73b3feca-0:::17da5b6a-5841-499c-81d9-4b5bb9ca0f23#3edb1997-bf0a-435c-a254-129f5aa290ac, 14e68667-b036-4890-b95b-af3b145acd7d#4ba9ecea-0971-435a-91ab-37fd2a46436a, 189b67e0-44bf-4968-8f3a-936b481d9ecd#3edb1997-bf0a-435c-a254-129f5aa290ac, d298ac49-f6c4-4c10-afb4-bf044f34d539#4ba9ecea-0971-435a-91ab-37fd2a46436a::::::f8f359d2-c1ae-40f7-9e06-66366ba7174a","actionBlockId":"f8f359d2-c1ae-40f7-9e06-66366ba7174a","campaignId":"02b682d0-a6b1-4df8-8722-a63c771198d0#3edb1997-bf0a-435c-a254-129f5aa290ac:::","containerStatus":"ready-In-App Contextual Notifications"},"gsdkStatus":"ready","gsdkContent":{"campaignState":"NoTargetingCampaign","consumer":{"code":"PPRO","id":82,"language":"en-US","name":"Premiere Pro","version":"26.3.0.93"},"container":{"lastUpdated":"2026-02-06T22:42:53.130Z","name":"In-App Contextual Notifications"},"id":10819,"monitoringData":{"exp.action_block_id":"f8f359d2-c1ae-40f7-9e06-66366ba7174a","exp.campaign_id":"02b682d0-a6b1-4df8-8722-a63c771198d0#3edb1997-bf0a-435c-a254-129f5aa290ac:::","exp.experience_id":"02b682d0-a6b1-4df8-8722-a63c771198d0#3edb1997-bf0a-435c-a254-129f5aa290ac","exp.request_guid":"c1308954-1142-41c0-adc8-35caf3c49c68","exp.response_guid":"4519ac40-f8fe-4549-bac8-3af48f1b0e2c","exp.surface_id":"4519ac40-f8fe-4549-bac8-3af48f1b0e2c","exp.variation_id":"21617def-cb64-4d77-a309-6bef73b3feca-0:::17da5b6a-5841-499c-81d9-4b5bb9ca0f23#3edb1997-bf0a-435c-a254-129f5aa290ac, 14e68667-b036-4890-b95b-af3b145acd7d#4ba9ecea-0971-435a-91ab-37fd2a46436a, 189b67e0-44bf-4968-8f3a-936b481d9ecd#3edb1997-bf0a-435c-a254-129f5aa290ac, d298ac49-f6c4-4c10-afb4-bf044f34d539#4ba9ecea-0971-435a-91ab-37fd2a46436a::::::f8f359d2-c1ae-40f7-9e06-66366ba7174a"},"proposition":{"id":"4519ac40-f8fe-4549-bac8-3af48f1b0e2c","items":[{"data":{"content":{"dp_ccn":"No Content","dp_core":"No Content","dp_dynamic_template":"No Content","dp_learn":"No Content","dp_tool_tech":"No Content","hs_3_1_inapp_tutorial":"https://utut-service.adobe.com/api/ututs?api_key=UtutSophiaCampaign1&metadata.platforms[]=in-app&status=live&metadata.application.sap_code=PPRO&locale=en_US&aem_id=premiere-pro/how-to/in-app/040-save-time-with-different-preview-options-in-premiere-pro&aem_id=premiere-pro/how-to/in-app/try-generative-extend&aem_id=premiere-pro/how-to/in-app/animation-basics&aem_id=premiere-pro/how-to/in-app/create-rough-cut-text-based-edit&aem_id=premiere-pro/how-to/in-app/036-make-beauty-spots-sparkle&aem_id=premiere-pro/how-to/in-app/cut-to-the-beat&aem_id=premiere-pro/how-to/in-app/020-add-speed-ramping&aem_id=premiere-pro/how-to/in-app/032-make-food-colors-pop","hs_3_1_user_intent_dialog":"No Content","hs_3_1_web_tutorial":"https://utut-service.adobe.com/api/recommendation/tutorial/123?metadata.application.sap_code=PPRO&locale=en_US&metadata.platforms=helpx&api_key=EngagementStream1&max_tutorials=15","hs_4_0_profile_base":"No Content","hs_4_0_toast":"No Content","hs_4_0_touts":"https://odin.adobe.com/content/dam/ccfirstmile/PPRO/en_US/ExperienceHomeMX24/pr-2026-04-firefly-cousage-experience-Phase1.cfm.gql.json","hs_4_0_view_plans":"No Content","hs_4_0_whats_new":"https://odin.adobe.com/content/dam/ccfirstmile/PPRO/en_US/componentWhatsNewToastal/Pr-GA-Apr-26-Multicard-WN-3553.cfm.gql.json","lcm_learn":"No Content","pes_atlas":"No Content","pes_browse_learn":"No Content","pes_features":"No Content","pes_whats_new":"No Content"}},"id":"f8f359d2-c1ae-40f7-9e06-66366ba7174a","schema":"https://ns.adobe.com/personalization/json-content-item"}],"scope":"adbpr://desktop","scopeDetails":{"activity":{"id":"02b682d0-a6b1-4df8-8722-a63c771198d0#3edb1997-bf0a-435c-a254-129f5aa290ac","matchedSurfaces":["adbpr://desktop/"],"priority":45},"characteristics":{"eventToken":"eyJtZXNzYWdlRXhlY3V0aW9uIjp7Im1lc3NhZ2VFeGVjdXRpb25JRCI6IlVFOkluYm91bmQiLCJtZXNzYWdlSUQiOiI1ZTllYzk4Yi1lMDk2LTQ5NGMtYTIwOS01ZGRhZjUxNzc4NGYiLCJtZXNzYWdlUHVibGljYXRpb25JRCI6IjIxNjE3ZGVmLWNiNjQtNGQ3Ny1hMzA5LTZiZWY3M2IzZmVjYSIsIm1lc3NhZ2VUeXBlIjoibWFya2V0aW5nIiwiY2FtcGFpZ25JRCI6IjAyYjY4MmQwLWE2YjEtNGRmOC04NzIyLWE2M2M3NzExOThkMCIsImNhbXBhaWduVmVyc2lvbklEIjoiYTRhM2E0NGUtODQyNy00OWViLTg4NjUtYzc2OGE1NGM3OGU1IiwiY2FtcGFpZ25BY3Rpb25JRCI6IjNlZGIxOTk3LWJmMGEtNDM1Yy1hMjU0LTEyOWY1YWEyOTBhYyJ9LCJtZXNzYWdlUHJvZmlsZSI6eyJtZXNzYWdlUHJvZmlsZUlEIjoiOWU3ODJkMzMtMTZmNS00ZGFkLWFkOTEtNjgwNzc4NDNmYjhkIiwiY2hhbm5lbCI6eyJfaWQiOiJodHRwczovL25zLmFkb2JlLmNvbS94ZG0vY2hhbm5lbHMvY29kZSIsIl90eXBlIjoiaHR0cHM6Ly9ucy5hZG9iZS5jb20veGRtL2NoYW5uZWwtdHlwZXMvY29kZSJ9fX0=","subPropositions":"W3siaWQiOiIyYzdlMjJiYS02ODJkLTQyZGYtODRmNy0yYWU4YjRlNWYxY2MiLCJzY29wZSI6ImFkYnByOi8vZGVza3RvcCIsInNjb3BlRGV0YWlscyI6eyJkZWNpc2lvblByb3ZpZGVyIjoiRVhEIiwiY29ycmVsYXRpb25JRCI6IjIxNjE3ZGVmLWNiNjQtNGQ3Ny1hMzA5LTZiZWY3M2IzZmVjYS0wIiwic3RyYXRlZ2llcyI6W3sic3RyYXRlZ3lJRCI6IjQ5ODVjNWFkLTI4OGUtNDlmYS1hMDc2LTNmOTM2ZGY4YmQ1NyIsInN0ZXAiOiJkZWNpc2lvblBvbGljeSJ9LHsic3RyYXRlZ3lJRCI6ImFkYnByOi8vZGVza3RvcCIsInN0ZXAiOiJwbGFjZW1lbnQifV0sInJhbmsiOjUsImFjdGl2aXR5Ijp7ImlkIjoiMDJiNjgyZDAtYTZiMS00ZGY4LTg3MjItYTYzYzc3MTE5OGQwIzNlZGIxOTk3LWJmMGEtNDM1Yy1hMjU0LTEyOWY1YWEyOTBhYyIsInByaW9yaXR5Ijo0NSwibWF0Y2hlZFN1cmZhY2VzIjpbImFkYnByOi8vZGVza3RvcC8iXX19LCJpdGVtcyI6W3siaWQiOiJkcHM6MzJiZmZmZmRmNmM0ZTA0NjgxMDBkMTJhOTgxZWVlNDAxYzViNWEzZjk3YjdjYmZkOjFjNzc3OWNmYTNlNGI3MzgiLCJldGFnIjoiNiIsIm5hbWUiOiJbT0ZSXSBQckRfRkZfQ291c2FnZV9QaGFzZTFfRU4iLCJpdGVtU2VsZWN0aW9uIjp7InNlbGVjdGlvbkRldGFpbCI6eyJzZWxlY3Rpb25UeXBlIjoibWFudWFsIiwidmVyc2lvbiI6ImxhdGVzdCJ9fSwidG9rZW4iOiJqcFFIRTVwN0FTbGZBMFI5eDVmUzNnIn1dfV0="},"correlationID":"21617def-cb64-4d77-a309-6bef73b3feca-0","decisionProvider":"AJO","rank":5,"strategies":[{"step":"passthroughActions","strategyID":"17da5b6a-5841-499c-81d9-4b5bb9ca0f23#3edb1997-bf0a-435c-a254-129f5aa290ac, 14e68667-b036-4890-b95b-af3b145acd7d#4ba9ecea-0971-435a-91ab-37fd2a46436a, 189b67e0-44bf-4968-8f3a-936b481d9ecd#3edb1997-bf0a-435c-a254-129f5aa290ac, d298ac49-f6c4-4c10-afb4-bf044f34d539#4ba9ecea-0971-435a-91ab-37fd2a46436a"}]}},"refreshTimestamp":"2026-07-15T21:08:41.250Z","rootAssetMetadata":[{"contentType":"application/octet-stream","dependencies":[],"fileExtension":"","filename":"","id":20259,"isPersonalized":false,"refreshTimestamp":"2026-07-15T21:08:41.264Z","url":"No Content"}],"sortOrder":1,"source":"surface","status":"ready","tags":["in_app_contextual_notifications"],"xdm":{"_adobe_corpnew":{"app":{"installedApplications":[{"id":"PPRO","language":"en-US","majorVersion":26,"minorVersion":3,"name":"Premiere Pro","patchVersion":0,"version":"26.3.0.93"}],"language":"en-US"}},"application":{"id":"CCXP","name":"CCX Process","version":"7.8.0.2"},"device":{"platform":"winx86_64","type":"desktop"},"environment":{"_dc":{"language":"en-US"},"browserDetails":{"userAgentClientHints":{"platform":"winx86_64"}},"operatingSystem":"Windows","operatingSystemVersion":"10.0.26200"},"eventType":"personalization.request"}},"errorMessage":"NoTargetingCampaign","errorCode":30002},{"gsdkEnabledContent":true,"containerId":2,"containerLabel":"Dynamic DP Modes","containerAnalyticsData":{"variationId":"21617def-cb64-4d77-a309-6bef73b3feca-0:::17da5b6a-5841-499c-81d9-4b5bb9ca0f23#3edb1997-bf0a-435c-a254-129f5aa290ac, 14e68667-b036-4890-b95b-af3b145acd7d#4ba9ecea-0971-435a-91ab-37fd2a46436a, 189b67e0-44bf-4968-8f3a-936b481d9ecd#3edb1997-bf0a-435c-a254-129f5aa290ac, d298ac49-f6c4-4c10-afb4-bf044f34d539#4ba9ecea-0971-435a-91ab-37fd2a46436a::::::f8f359d2-c1ae-40f7-9e06-66366ba7174a","actionBlockId":"f8f359d2-c1ae-40f7-9e06-66366ba7174a","campaignId":"02b682d0-a6b1-4df8-8722-a63c771198d0#3edb1997-bf0a-435c-a254-129f5aa290ac:::","containerStatus":"ready-Dynamic DP Modes"},"gsdkStatus":"ready","gsdkContent":{"campaignState":"NoTargetingCampaign","consumer":{"code":"PPRO","id":82,"language":"en-US","name":"Premiere Pro","version":"26.3.0.93"},"container":{"lastUpdated":"2026-02-06T22:42:53.130Z","name":"Dynamic DP Modes"},"id":10821,"monitoringData":{"exp.action_block_id":"f8f359d2-c1ae-40f7-9e06-66366ba7174a","exp.campaign_id":"02b682d0-a6b1-4df8-8722-a63c771198d0#3edb1997-bf0a-435c-a254-129f5aa290ac:::","exp.experience_id":"02b682d0-a6b1-4df8-8722-a63c771198d0#3edb1997-bf0a-435c-a254-129f5aa290ac","exp.request_guid":"c1308954-1142-41c0-adc8-35caf3c49c68","exp.response_guid":"4519ac40-f8fe-4549-bac8-3af48f1b0e2c","exp.surface_id":"4519ac40-f8fe-4549-bac8-3af48f1b0e2c","exp.variation_id":"21617def-cb64-4d77-a309-6bef73b3feca-0:::17da5b6a-5841-499c-81d9-4b5bb9ca0f23#3edb1997-bf0a-435c-a254-129f5aa290ac, 14e68667-b036-4890-b95b-af3b145acd7d#4ba9ecea-0971-435a-91ab-37fd2a46436a, 189b67e0-44bf-4968-8f3a-936b481d9ecd#3edb1997-bf0a-435c-a254-129f5aa290ac, d298ac49-f6c4-4c10-afb4-bf044f34d539#4ba9ecea-0971-435a-91ab-37fd2a46436a::::::f8f359d2-c1ae-40f7-9e06-66366ba7174a"},"proposition":{"id":"4519ac40-f8fe-4549-bac8-3af48f1b0e2c","items":[{"data":{"content":{"dp_ccn":"No Content","dp_core":"No Content","dp_dynamic_template":"No Content","dp_learn":"No Content","dp_tool_tech":"No Content","hs_3_1_inapp_tutorial":"https://utut-service.adobe.com/api/ututs?api_key=UtutSophiaCampaign1&metadata.platforms[]=in-app&status=live&metadata.application.sap_code=PPRO&locale=en_US&aem_id=premiere-pro/how-to/in-app/040-save-time-with-different-preview-options-in-premiere-pro&aem_id=premiere-pro/how-to/in-app/try-generative-extend&aem_id=premiere-pro/how-to/in-app/animation-basics&aem_id=premiere-pro/how-to/in-app/create-rough-cut-text-based-edit&aem_id=premiere-pro/how-to/in-app/036-make-beauty-spots-sparkle&aem_id=premiere-pro/how-to/in-app/cut-to-the-beat&aem_id=premiere-pro/how-to/in-app/020-add-speed-ramping&aem_id=premiere-pro/how-to/in-app/032-make-food-colors-pop","hs_3_1_user_intent_dialog":"No Content","hs_3_1_web_tutorial":"https://utut-service.adobe.com/api/recommendation/tutorial/123?metadata.application.sap_code=PPRO&locale=en_US&metadata.platforms=helpx&api_key=EngagementStream1&max_tutorials=15","hs_4_0_profile_base":"No Content","hs_4_0_toast":"No Content","hs_4_0_touts":"https://odin.adobe.com/content/dam/ccfirstmile/PPRO/en_US/ExperienceHomeMX24/pr-2026-04-firefly-cousage-experience-Phase1.cfm.gql.json","hs_4_0_view_plans":"No Content","hs_4_0_whats_new":"https://odin.adobe.com/content/dam/ccfirstmile/PPRO/en_US/componentWhatsNewToastal/Pr-GA-Apr-26-Multicard-WN-3553.cfm.gql.json","lcm_learn":"No Content","pes_atlas":"No Content","pes_browse_learn":"No Content","pes_features":"No Content","pes_whats_new":"No Content"}},"id":"f8f359d2-c1ae-40f7-9e06-66366ba7174a","schema":"https://ns.adobe.com/personalization/json-content-item"}],"scope":"adbpr://desktop","scopeDetails":{"activity":{"id":"02b682d0-a6b1-4df8-8722-a63c771198d0#3edb1997-bf0a-435c-a254-129f5aa290ac","matchedSurfaces":["adbpr://desktop/"],"priority":45},"characteristics":{"eventToken":"eyJtZXNzYWdlRXhlY3V0aW9uIjp7Im1lc3NhZ2VFeGVjdXRpb25JRCI6IlVFOkluYm91bmQiLCJtZXNzYWdlSUQiOiI1ZTllYzk4Yi1lMDk2LTQ5NGMtYTIwOS01ZGRhZjUxNzc4NGYiLCJtZXNzYWdlUHVibGljYXRpb25JRCI6IjIxNjE3ZGVmLWNiNjQtNGQ3Ny1hMzA5LTZiZWY3M2IzZmVjYSIsIm1lc3NhZ2VUeXBlIjoibWFya2V0aW5nIiwiY2FtcGFpZ25JRCI6IjAyYjY4MmQwLWE2YjEtNGRmOC04NzIyLWE2M2M3NzExOThkMCIsImNhbXBhaWduVmVyc2lvbklEIjoiYTRhM2E0NGUtODQyNy00OWViLTg4NjUtYzc2OGE1NGM3OGU1IiwiY2FtcGFpZ25BY3Rpb25JRCI6IjNlZGIxOTk3LWJmMGEtNDM1Yy1hMjU0LTEyOWY1YWEyOTBhYyJ9LCJtZXNzYWdlUHJvZmlsZSI6eyJtZXNzYWdlUHJvZmlsZUlEIjoiOWU3ODJkMzMtMTZmNS00ZGFkLWFkOTEtNjgwNzc4NDNmYjhkIiwiY2hhbm5lbCI6eyJfaWQiOiJodHRwczovL25zLmFkb2JlLmNvbS94ZG0vY2hhbm5lbHMvY29kZSIsIl90eXBlIjoiaHR0cHM6Ly9ucy5hZG9iZS5jb20veGRtL2NoYW5uZWwtdHlwZXMvY29kZSJ9fX0=","subPropositions":"W3siaWQiOiIyYzdlMjJiYS02ODJkLTQyZGYtODRmNy0yYWU4YjRlNWYxY2MiLCJzY29wZSI6ImFkYnByOi8vZGVza3RvcCIsInNjb3BlRGV0YWlscyI6eyJkZWNpc2lvblByb3ZpZGVyIjoiRVhEIiwiY29ycmVsYXRpb25JRCI6IjIxNjE3ZGVmLWNiNjQtNGQ3Ny1hMzA5LTZiZWY3M2IzZmVjYS0wIiwic3RyYXRlZ2llcyI6W3sic3RyYXRlZ3lJRCI6IjQ5ODVjNWFkLTI4OGUtNDlmYS1hMDc2LTNmOTM2ZGY4YmQ1NyIsInN0ZXAiOiJkZWNpc2lvblBvbGljeSJ9LHsic3RyYXRlZ3lJRCI6ImFkYnByOi8vZGVza3RvcCIsInN0ZXAiOiJwbGFjZW1lbnQifV0sInJhbmsiOjUsImFjdGl2aXR5Ijp7ImlkIjoiMDJiNjgyZDAtYTZiMS00ZGY4LTg3MjItYTYzYzc3MTE5OGQwIzNlZGIxOTk3LWJmMGEtNDM1Yy1hMjU0LTEyOWY1YWEyOTBhYyIsInByaW9yaXR5Ijo0NSwibWF0Y2hlZFN1cmZhY2VzIjpbImFkYnByOi8vZGVza3RvcC8iXX19LCJpdGVtcyI6W3siaWQiOiJkcHM6MzJiZmZmZmRmNmM0ZTA0NjgxMDBkMTJhOTgxZWVlNDAxYzViNWEzZjk3YjdjYmZkOjFjNzc3OWNmYTNlNGI3MzgiLCJldGFnIjoiNiIsIm5hbWUiOiJbT0ZSXSBQckRfRkZfQ291c2FnZV9QaGFzZTFfRU4iLCJpdGVtU2VsZWN0aW9uIjp7InNlbGVjdGlvbkRldGFpbCI6eyJzZWxlY3Rpb25UeXBlIjoibWFudWFsIiwidmVyc2lvbiI6ImxhdGVzdCJ9fSwidG9rZW4iOiJqcFFIRTVwN0FTbGZBMFI5eDVmUzNnIn1dfV0="},"correlationID":"21617def-cb64-4d77-a309-6bef73b3feca-0","decisionProvider":"AJO","rank":5,"strategies":[{"step":"passthroughActions","strategyID":"17da5b6a-5841-499c-81d9-4b5bb9ca0f23#3edb1997-bf0a-435c-a254-129f5aa290ac, 14e68667-b036-4890-b95b-af3b145acd7d#4ba9ecea-0971-435a-91ab-37fd2a46436a, 189b67e0-44bf-4968-8f3a-936b481d9ecd#3edb1997-bf0a-435c-a254-129f5aa290ac, d298ac49-f6c4-4c10-afb4-bf044f34d539#4ba9ecea-0971-435a-91ab-37fd2a46436a"}]}},"refreshTimestamp":"2026-07-15T21:08:41.250Z","rootAssetMetadata":[{"contentType":"application/octet-stream","dependencies":[],"fileExtension":"","filename":"","id":20261,"isPersonalized":false,"refreshTimestamp":"2026-07-15T21:08:41.264Z","url":"No Content"}],"sortOrder":2,"source":"surface","status":"ready","tags":["in_app_contextual_notifications"],"xdm":{"_adobe_corpnew":{"app":{"installedApplications":[{"id":"PPRO","language":"en-US","majorVersion":26,"minorVersion":3,"name":"Premiere Pro","patchVersion":0,"version":"26.3.0.93"}],"language":"en-US"}},"application":{"id":"CCXP","name":"CCX Process","version":"7.8.0.2"},"device":{"platform":"winx86_64","type":"desktop"},"environment":{"_dc":{"language":"en-US"},"browserDetails":{"userAgentClientHints":{"platform":"winx86_64"}},"operatingSystem":"Windows","operatingSystemVersion":"10.0.26200"},"eventType":"personalization.request"}},"errorMessage":"NoTargetingCampaign","errorCode":30002}],"surfaceAnalyticsData":{"surfaceId":"in_app_contextual_notifications"}}},"_ccx":{"version":1}}
[2026-07-16_12-26-41][52108][Error] [console] [DP] Error: in_app_contextual_notifications surface has no containers. {"expirationDTS":"2026-07-17T21:09:11.509Z","surfaces":{"Discover_Panel":{"failedContainers":[{"gsdkEnabledContent":true,"containerId":1,"containerLabel":"Discover Panel","containerAnalyticsData":{"variationId":"21617def-cb64-4d77-a309-6bef73b3feca-0:::17da5b6a-5841-499c-81d9-4b5bb9ca0f23#3edb1997-bf0a-435c-a254-129f5aa290ac, 14e68667-b036-4890-b95b-af3b145acd7d#4ba9ecea-0971-435a-91ab-37fd2a46436a, 189b67e0-44bf-4968-8f3a-936b481d9ecd#3edb1997-bf0a-435c-a254-129f5aa290ac, d298ac49-f6c4-4c10-afb4-bf044f34d539#4ba9ecea-0971-435a-91ab-37fd2a46436a::::::f8f359d2-c1ae-40f7-9e06-66366ba7174a","actionBlockId":"f8f359d2-c1ae-40f7-9e06-66366ba7174a","campaignId":"02b682d0-a6b1-4df8-8722-a63c771198d0#3edb1997-bf0a-435c-a254-129f5aa290ac:::","containerStatus":"ready-Discover Panel"},"gsdkStatus":"ready","gsdkContent":{"campaignState":"NoTargetingCampaign","consumer":{"code":"PPRO","id":82,"language":"en-US","name":"Premiere Pro","version":"26.3.0.93"},"container":{"lastUpdated":"2026-02-06T22:42:53.130Z","name":"Discover Panel"},"id":10824,"monitoringData":{"exp.action_block_id":"f8f359d2-c1ae-40f7-9e06-66366ba7174a","exp.campaign_id":"02b682d0-a6b1-4df8-8722-a63c771198d0#3edb1997-bf0a-435c-a254-129f5aa290ac:::","exp.experience_id":"02b682d0-a6b1-4df8-8722-a63c771198d0#3edb1997-bf0a-435c-a254-129f5aa290ac","exp.request_guid":"c1308954-1142-41c0-adc8-35caf3c49c68","exp.response_guid":"4519ac40-f8fe-4549-bac8-3af48f1b0e2c","exp.surface_id":"4519ac40-f8fe-4549-bac8-3af48f1b0e2c","exp.variation_id":"21617def-cb64-4d77-a309-6bef73b3feca-0:::17da5b6a-5841-499c-81d9-4b5bb9ca0f23#3edb1997-bf0a-435c-a254-129f5aa290ac, 14e68667-b036-4890-b95b-af3b145acd7d#4ba9ecea-0971-435a-91ab-37fd2a46436a, 189b67e0-44bf-4968-8f3a-936b481d9ecd#3edb1997-bf0a-435c-a254-129f5aa290ac, d298ac49-f6c4-4c10-afb4-bf044f34d539#4ba9ecea-0971-435a-91ab-37fd2a46436a::::::f8f359d2-c1ae-40f7-9e06-66366ba7174a"},"proposition":{"id":"4519ac40-f8fe-4549-bac8-3af48f1b0e2c","items":[{"data":{"content":{"dp_ccn":"No Content","dp_core":"No Content","dp_dynamic_template":"No Content","dp_learn":"No Content","dp_tool_tech":"No Content","hs_3_1_inapp_tutorial":"https://utut-service.adobe.com/api/ututs?api_key=UtutSophiaCampaign1&metadata.platforms[]=in-app&status=live&metadata.application.sap_code=PPRO&locale=en_US&aem_id=premiere-pro/how-to/in-app/040-save-time-with-different-preview-options-in-premiere-pro&aem_id=premiere-pro/how-to/in-app/try-generative-extend&aem_id=premiere-pro/how-to/in-app/animation-basics&aem_id=premiere-pro/how-to/in-app/create-rough-cut-text-based-edit&aem_id=premiere-pro/how-to/in-app/036-make-beauty-spots-sparkle&aem_id=premiere-pro/how-to/in-app/cut-to-the-beat&aem_id=premiere-pro/how-to/in-app/020-add-speed-ramping&aem_id=premiere-pro/how-to/in-app/032-make-food-colors-pop","hs_3_1_user_intent_dialog":"No Content","hs_3_1_web_tutorial":"https://utut-service.adobe.com/api/recommendation/tutorial/123?metadata.application.sap_code=PPRO&locale=en_US&metadata.platforms=helpx&api_key=EngagementStream1&max_tutorials=15","hs_4_0_profile_base":"No Content","hs_4_0_toast":"No Content","hs_4_0_touts":"https://odin.adobe.com/content/dam/ccfirstmile/PPRO/en_US/ExperienceHomeMX24/pr-2026-04-firefly-cousage-experience-Phase1.cfm.gql.json","hs_4_0_view_plans":"No Content","hs_4_0_whats_new":"https://odin.adobe.com/content/dam/ccfirstmile/PPRO/en_US/componentWhatsNewToastal/Pr-GA-Apr-26-Multicard-WN-3553.cfm.gql.json","lcm_learn":"No Content","pes_atlas":"No Content","pes_browse_learn":"No Content","pes_features":"No Content","pes_whats_new":"No Content"}},"id":"f8f359d2-c1ae-40f7-9e06-66366ba7174a","schema":"https://ns.adobe.com/personalization/json-content-item"}],"scope":"adbpr://desktop","scopeDetails":{"activity":{"id":"02b682d0-a6b1-4df8-8722-a63c771198d0#3edb1997-bf0a-435c-a254-129f5aa290ac","matchedSurfaces":["adbpr://desktop/"],"priority":45},"characteristics":{"eventToken":"eyJtZXNzYWdlRXhlY3V0aW9uIjp7Im1lc3NhZ2VFeGVjdXRpb25JRCI6IlVFOkluYm91bmQiLCJtZXNzYWdlSUQiOiI1ZTllYzk4Yi1lMDk2LTQ5NGMtYTIwOS01ZGRhZjUxNzc4NGYiLCJtZXNzYWdlUHVibGljYXRpb25JRCI6IjIxNjE3ZGVmLWNiNjQtNGQ3Ny1hMzA5LTZiZWY3M2IzZmVjYSIsIm1lc3NhZ2VUeXBlIjoibWFya2V0aW5nIiwiY2FtcGFpZ25JRCI6IjAyYjY4MmQwLWE2YjEtNGRmOC04NzIyLWE2M2M3NzExOThkMCIsImNhbXBhaWduVmVyc2lvbklEIjoiYTRhM2E0NGUtODQyNy00OWViLTg4NjUtYzc2OGE1NGM3OGU1IiwiY2FtcGFpZ25BY3Rpb25JRCI6IjNlZGIxOTk3LWJmMGEtNDM1Yy1hMjU0LTEyOWY1YWEyOTBhYyJ9LCJtZXNzYWdlUHJvZmlsZSI6eyJtZXNzYWdlUHJvZmlsZUlEIjoiOWU3ODJkMzMtMTZmNS00ZGFkLWFkOTEtNjgwNzc4NDNmYjhkIiwiY2hhbm5lbCI6eyJfaWQiOiJodHRwczovL25zLmFkb2JlLmNvbS94ZG0vY2hhbm5lbHMvY29kZSIsIl90eXBlIjoiaHR0cHM6Ly9ucy5hZG9iZS5jb20veGRtL2NoYW5uZWwtdHlwZXMvY29kZSJ9fX0=","subPropositions":"W3siaWQiOiIyYzdlMjJiYS02ODJkLTQyZGYtODRmNy0yYWU4YjRlNWYxY2MiLCJzY29wZSI6ImFkYnByOi8vZGVza3RvcCIsInNjb3BlRGV0YWlscyI6eyJkZWNpc2lvblByb3ZpZGVyIjoiRVhEIiwiY29ycmVsYXRpb25JRCI6IjIxNjE3ZGVmLWNiNjQtNGQ3Ny1hMzA5LTZiZWY3M2IzZmVjYS0wIiwic3RyYXRlZ2llcyI6W3sic3RyYXRlZ3lJRCI6IjQ5ODVjNWFkLTI4OGUtNDlmYS1hMDc2LTNmOTM2ZGY4YmQ1NyIsInN0ZXAiOiJkZWNpc2lvblBvbGljeSJ9LHsic3RyYXRlZ3lJRCI6ImFkYnByOi8vZGVza3RvcCIsInN0ZXAiOiJwbGFjZW1lbnQifV0sInJhbmsiOjUsImFjdGl2aXR5Ijp7ImlkIjoiMDJiNjgyZDAtYTZiMS00ZGY4LTg3MjItYTYzYzc3MTE5OGQwIzNlZGIxOTk3LWJmMGEtNDM1Yy1hMjU0LTEyOWY1YWEyOTBhYyIsInByaW9yaXR5Ijo0NSwibWF0Y2hlZFN1cmZhY2VzIjpbImFkYnByOi8vZGVza3RvcC8iXX19LCJpdGVtcyI6W3siaWQiOiJkcHM6MzJiZmZmZmRmNmM0ZTA0NjgxMDBkMTJhOTgxZWVlNDAxYzViNWEzZjk3YjdjYmZkOjFjNzc3OWNmYTNlNGI3MzgiLCJldGFnIjoiNiIsIm5hbWUiOiJbT0ZSXSBQckRfRkZfQ291c2FnZV9QaGFzZTFfRU4iLCJpdGVtU2VsZWN0aW9uIjp7InNlbGVjdGlvbkRldGFpbCI6eyJzZWxlY3Rpb25UeXBlIjoibWFudWFsIiwidmVyc2lvbiI6ImxhdGVzdCJ9fSwidG9rZW4iOiJqcFFIRTVwN0FTbGZBMFI5eDVmUzNnIn1dfV0="},"correlationID":"21617def-cb64-4d77-a309-6bef73b3feca-0","decisionProvider":"AJO","rank":5,"strategies":[{"step":"passthroughActions","strategyID":"17da5b6a-5841-499c-81d9-4b5bb9ca0f23#3edb1997-bf0a-435c-a254-129f5aa290ac, 14e68667-b036-4890-b95b-af3b145acd7d#4ba9ecea-0971-435a-91ab-37fd2a46436a, 189b67e0-44bf-4968-8f3a-936b481d9ecd#3edb1997-bf0a-435c-a254-129f5aa290ac, d298ac49-f6c4-4c10-afb4-bf044f34d539#4ba9ecea-0971-435a-91ab-37fd2a46436a"}]}},"refreshTimestamp":"2026-07-15T21:08:41.250Z","rootAssetMetadata":[{"contentType":"application/octet-stream","dependencies":[],"fileExtension":"","filename":"","id":20264,"isPersonalized":false,"refreshTimestamp":"2026-07-15T21:08:41.264Z","url":"No Content"}],"sortOrder":1,"source":"surface","status":"ready","tags":["Discover_Panel"],"xdm":{"_adobe_corpnew":{"app":{"installedApplications":[{"id":"PPRO","language":"en-US","majorVersion":26,"minorVersion":3,"name":"Premiere Pro","patchVersion":0,"version":"26.3.0.93"}],"language":"en-US"}},"application":{"id":"CCXP","name":"CCX Process","version":"7.8.0.2"},"device":{"platform":"winx86_64","type":"desktop"},"environment":{"_dc":{"language":"en-US"},"browserDetails":{"userAgentClientHints":{"platform":"winx86_64"}},"operatingSystem":"Windows","operatingSystemVersion":"10.0.26200"},"eventType":"personalization.request"}},"errorMessage":"NoTargetingCampaign","errorCode":30002},{"gsdkEnabledContent":true,"containerId":2,"containerLabel":"Four Habits","containerAnalyticsData":{"variationId":"21617def-cb64-4d77-a309-6bef73b3feca-0:::17da5b6a-5841-499c-81d9-4b5bb9ca0f23#3edb1997-bf0a-435c-a254-129f5aa290ac, 14e68667-b036-4890-b95b-af3b145acd7d#4ba9ecea-0971-435a-91ab-37fd2a46436a, 189b67e0-44bf-4968-8f3a-936b481d9ecd#3edb1997-bf0a-435c-a254-129f5aa290ac, d298ac49-f6c4-4c10-afb4-bf044f34d539#4ba9ecea-0971-435a-91ab-37fd2a46436a::::::f8f359d2-c1ae-40f7-9e06-66366ba7174a","actionBlockId":"f8f359d2-c1ae-40f7-9e06-66366ba7174a","campaignId":"02b682d0-a6b1-4df8-8722-a63c771198d0#3edb1997-bf0a-435c-a254-129f5aa290ac:::","containerStatus":"ready-Four Habits"},"gsdkStatus":"ready","gsdkContent":{"campaignState":"NoTargetingCampaign","consumer":{"code":"PPRO","id":82,"language":"en-US","name":"Premiere Pro","version":"26.3.0.93"},"container":{"lastUpdated":"2026-02-06T22:42:53.130Z","name":"Four Habits"},"id":10827,"monitoringData":{"exp.action_block_id":"f8f359d2-c1ae-40f7-9e06-66366ba7174a","exp.campaign_id":"02b682d0-a6b1-4df8-8722-a63c771198d0#3edb1997-bf0a-435c-a254-129f5aa290ac:::","exp.experience_id":"02b682d0-a6b1-4df8-8722-a63c771198d0#3edb1997-bf0a-435c-a254-129f5aa290ac","exp.request_guid":"c1308954-1142-41c0-adc8-35caf3c49c68","exp.response_guid":"4519ac40-f8fe-4549-bac8-3af48f1b0e2c","exp.surface_id":"4519ac40-f8fe-4549-bac8-3af48f1b0e2c","exp.variation_id":"21617def-cb64-4d77-a309-6bef73b3feca-0:::17da5b6a-5841-499c-81d9-4b5bb9ca0f23#3edb1997-bf0a-435c-a254-129f5aa290ac, 14e68667-b036-4890-b95b-af3b145acd7d#4ba9ecea-0971-435a-91ab-37fd2a46436a, 189b67e0-44bf-4968-8f3a-936b481d9ecd#3edb1997-bf0a-435c-a254-129f5aa290ac, d298ac49-f6c4-4c10-afb4-bf044f34d539#4ba9ecea-0971-435a-91ab-37fd2a46436a::::::f8f359d2-c1ae-40f7-9e06-66366ba7174a"},"proposition":{"id":"4519ac40-f8fe-4549-bac8-3af48f1b0e2c","items":[{"data":{"content":{"dp_ccn":"No Content","dp_core":"No Content","dp_dynamic_template":"No Content","dp_learn":"No Content","dp_tool_tech":"No Content","hs_3_1_inapp_tutorial":"https://utut-service.adobe.com/api/ututs?api_key=UtutSophiaCampaign1&metadata.platforms[]=in-app&status=live&metadata.application.sap_code=PPRO&locale=en_US&aem_id=premiere-pro/how-to/in-app/040-save-time-with-different-preview-options-in-premiere-pro&aem_id=premiere-pro/how-to/in-app/try-generative-extend&aem_id=premiere-pro/how-to/in-app/animation-basics&aem_id=premiere-pro/how-to/in-app/create-rough-cut-text-based-edit&aem_id=premiere-pro/how-to/in-app/036-make-beauty-spots-sparkle&aem_id=premiere-pro/how-to/in-app/cut-to-the-beat&aem_id=premiere-pro/how-to/in-app/020-add-speed-ramping&aem_id=premiere-pro/how-to/in-app/032-make-food-colors-pop","hs_3_1_user_intent_dialog":"No Content","hs_3_1_web_tutorial":"https://utut-service.adobe.com/api/recommendation/tutorial/123?metadata.application.sap_code=PPRO&locale=en_US&metadata.platforms=helpx&api_key=EngagementStream1&max_tutorials=15","hs_4_0_profile_base":"No Content","hs_4_0_toast":"No Content","hs_4_0_touts":"https://odin.adobe.com/content/dam/ccfirstmile/PPRO/en_US/ExperienceHomeMX24/pr-2026-04-firefly-cousage-experience-Phase1.cfm.gql.json","hs_4_0_view_plans":"No Content","hs_4_0_whats_new":"https://odin.adobe.com/content/dam/ccfirstmile/PPRO/en_US/componentWhatsNewToastal/Pr-GA-Apr-26-Multicard-WN-3553.cfm.gql.json","lcm_learn":"No Content","pes_atlas":"No Content","pes_browse_learn":"No Content","pes_features":"No Content","pes_whats_new":"No Content"}},"id":"f8f359d2-c1ae-40f7-9e06-66366ba7174a","schema":"https://ns.adobe.com/personalization/json-content-item"}],"scope":"adbpr://desktop","scopeDetails":{"activity":{"id":"02b682d0-a6b1-4df8-8722-a63c771198d0#3edb1997-bf0a-435c-a254-129f5aa290ac","matchedSurfaces":["adbpr://desktop/"],"priority":45},"characteristics":{"eventToken":"eyJtZXNzYWdlRXhlY3V0aW9uIjp7Im1lc3NhZ2VFeGVjdXRpb25JRCI6IlVFOkluYm91bmQiLCJtZXNzYWdlSUQiOiI1ZTllYzk4Yi1lMDk2LTQ5NGMtYTIwOS01ZGRhZjUxNzc4NGYiLCJtZXNzYWdlUHVibGljYXRpb25JRCI6IjIxNjE3ZGVmLWNiNjQtNGQ3Ny1hMzA5LTZiZWY3M2IzZmVjYSIsIm1lc3NhZ2VUeXBlIjoibWFya2V0aW5nIiwiY2FtcGFpZ25JRCI6IjAyYjY4MmQwLWE2YjEtNGRmOC04NzIyLWE2M2M3NzExOThkMCIsImNhbXBhaWduVmVyc2lvbklEIjoiYTRhM2E0NGUtODQyNy00OWViLTg4NjUtYzc2OGE1NGM3OGU1IiwiY2FtcGFpZ25BY3Rpb25JRCI6IjNlZGIxOTk3LWJmMGEtNDM1Yy1hMjU0LTEyOWY1YWEyOTBhYyJ9LCJtZXNzYWdlUHJvZmlsZSI6eyJtZXNzYWdlUHJvZmlsZUlEIjoiOWU3ODJkMzMtMTZmNS00ZGFkLWFkOTEtNjgwNzc4NDNmYjhkIiwiY2hhbm5lbCI6eyJfaWQiOiJodHRwczovL25zLmFkb2JlLmNvbS94ZG0vY2hhbm5lbHMvY29kZSIsIl90eXBlIjoiaHR0cHM6Ly9ucy5hZG9iZS5jb20veGRtL2NoYW5uZWwtdHlwZXMvY29kZSJ9fX0=","subPropositions":"W3siaWQiOiIyYzdlMjJiYS02ODJkLTQyZGYtODRmNy0yYWU4YjRlNWYxY2MiLCJzY29wZSI6ImFkYnByOi8vZGVza3RvcCIsInNjb3BlRGV0YWlscyI6eyJkZWNpc2lvblByb3ZpZGVyIjoiRVhEIiwiY29ycmVsYXRpb25JRCI6IjIxNjE3ZGVmLWNiNjQtNGQ3Ny1hMzA5LTZiZWY3M2IzZmVjYS0wIiwic3RyYXRlZ2llcyI6W3sic3RyYXRlZ3lJRCI6IjQ5ODVjNWFkLTI4OGUtNDlmYS1hMDc2LTNmOTM2ZGY4YmQ1NyIsInN0ZXAiOiJkZWNpc2lvblBvbGljeSJ9LHsic3RyYXRlZ3lJRCI6ImFkYnByOi8vZGVza3RvcCIsInN0ZXAiOiJwbGFjZW1lbnQifV0sInJhbmsiOjUsImFjdGl2aXR5Ijp7ImlkIjoiMDJiNjgyZDAtYTZiMS00ZGY4LTg3MjItYTYzYzc3MTE5OGQwIzNlZGIxOTk3LWJmMGEtNDM1Yy1hMjU0LTEyOWY1YWEyOTBhYyIsInByaW9yaXR5Ijo0NSwibWF0Y2hlZFN1cmZhY2VzIjpbImFkYnByOi8vZGVza3RvcC8iXX19LCJpdGVtcyI6W3siaWQiOiJkcHM6MzJiZmZmZmRmNmM0ZTA0NjgxMDBkMTJhOTgxZWVlNDAxYzViNWEzZjk3YjdjYmZkOjFjNzc3OWNmYTNlNGI3MzgiLCJldGFnIjoiNiIsIm5hbWUiOiJbT0ZSXSBQckRfRkZfQ291c2FnZV9QaGFzZTFfRU4iLCJpdGVtU2VsZWN0aW9uIjp7InNlbGVjdGlvbkRldGFpbCI6eyJzZWxlY3Rpb25UeXBlIjoibWFudWFsIiwidmVyc2lvbiI6ImxhdGVzdCJ9fSwidG9rZW4iOiJqcFFIRTVwN0FTbGZBMFI5eDVmUzNnIn1dfV0="},"correlationID":"21617def-cb64-4d77-a309-6bef73b3feca-0","decisionProvider":"AJO","rank":5,"strategies":[{"step":"passthroughActions","strategyID":"17da5b6a-5841-499c-81d9-4b5bb9ca0f23#3edb1997-bf0a-435c-a254-129f5aa290ac, 14e68667-b036-4890-b95b-af3b145acd7d#4ba9ecea-0971-435a-91ab-37fd2a46436a, 189b67e0-44bf-4968-8f3a-936b481d9ecd#3edb1997-bf0a-435c-a254-129f5aa290ac, d298ac49-f6c4-4c10-afb4-bf044f34d539#4ba9ecea-0971-435a-91ab-37fd2a46436a"}]}},"refreshTimestamp":"2026-07-15T21:08:41.250Z","rootAssetMetadata":[{"contentType":"application/octet-stream","dependencies":[],"fileExtension":"","filename":"","id":20267,"isPersonalized":false,"refreshTimestamp":"2026-07-15T21:08:41.264Z","url":"No Content"}],"sortOrder":2,"source":"surface","status":"ready","tags":["Discover_Panel"],"xdm":{"_adobe_corpnew":{"app":{"installedApplications":[{"id":"PPRO","language":"en-US","majorVersion":26,"minorVersion":3,"name":"Premiere Pro","patchVersion":0,"version":"26.3.0.93"}],"language":"en-US"}},"application":{"id":"CCXP","name":"CCX Process","version":"7.8.0.2"},"device":{"platform":"winx86_64","type":"desktop"},"environment":{"_dc":{"language":"en-US"},"browserDetails":{"userAgentClientHints":{"platform":"winx86_64"}},"operatingSystem":"Windows","operatingSystemVersion":"10.0.26200"},"eventType":"personalization.request"}},"errorMessage":"NoTargetingCampaign","errorCode":30002}],"surfaceAnalyticsData":{"surfaceId":"Discover_Panel"}},"DP_Tool_Techniques_v1":{"failedContainers":[{"gsdkEnabledContent":true,"containerId":1,"containerLabel":"DP Tool Techniques v1","containerAnalyticsData":{"variationId":"21617def-cb64-4d77-a309-6bef73b3feca-0:::17da5b6a-5841-499c-81d9-4b5bb9ca0f23#3edb1997-bf0a-435c-a254-129f5aa290ac, 14e68667-b036-4890-b95b-af3b145acd7d#4ba9ecea-0971-435a-91ab-37fd2a46436a, 189b67e0-44bf-4968-8f3a-936b481d9ecd#3edb1997-bf0a-435c-a254-129f5aa290ac, d298ac49-f6c4-4c10-afb4-bf044f34d539#4ba9ecea-0971-435a-91ab-37fd2a46436a::::::f8f359d2-c1ae-40f7-9e06-66366ba7174a","actionBlockId":"f8f359d2-c1ae-40f7-9e06-66366ba7174a","campaignId":"02b682d0-a6b1-4df8-8722-a63c771198d0#3edb1997-bf0a-435c-a254-129f5aa290ac:::","containerStatus":"ready-DP Tool Techniques v1"},"gsdkStatus":"ready","gsdkContent":{"campaignState":"NoTargetingCampaign","consumer":{"code":"PPRO","id":82,"language":"en-US","name":"Premiere Pro","version":"26.3.0.93"},"container":{"lastUpdated":"2026-02-06T22:42:53.130Z","name":"DP Tool Techniques v1"},"id":10820,"monitoringData":{"exp.action_block_id":"f8f359d2-c1ae-40f7-9e06-66366ba7174a","exp.campaign_id":"02b682d0-a6b1-4df8-8722-a63c771198d0#3edb1997-bf0a-435c-a254-129f5aa290ac:::","exp.experience_id":"02b682d0-a6b1-4df8-8722-a63c771198d0#3edb1997-bf0a-435c-a254-129f5aa290ac","exp.request_guid":"c1308954-1142-41c0-adc8-35caf3c49c68","exp.response_guid":"4519ac40-f8fe-4549-bac8-3af48f1b0e2c","exp.surface_id":"4519ac40-f8fe-4549-bac8-3af48f1b0e2c","exp.variation_id":"21617def-cb64-4d77-a309-6bef73b3feca-0:::17da5b6a-5841-499c-81d9-4b5bb9ca0f23#3edb1997-bf0a-435c-a254-129f5aa290ac, 14e68667-b036-4890-b95b-af3b145acd7d#4ba9ecea-0971-435a-91ab-37fd2a46436a, 189b67e0-44bf-4968-8f3a-936b481d9ecd#3edb1997-bf0a-435c-a254-129f5aa290ac, d298ac49-f6c4-4c10-afb4-bf044f34d539#4ba9ecea-0971-435a-91ab-37fd2a46436a::::::f8f359d2-c1ae-40f7-9e06-66366ba7174a"},"proposition":{"id":"4519ac40-f8fe-4549-bac8-3af48f1b0e2c","items":[{"data":{"content":{"dp_ccn":"No Content","dp_core":"No Content","dp_dynamic_template":"No Content","dp_learn":"No Content","dp_tool_tech":"No Content","hs_3_1_inapp_tutorial":"https://utut-service.adobe.com/api/ututs?api_key=UtutSophiaCampaign1&metadata.platforms[]=in-app&status=live&metadata.application.sap_code=PPRO&locale=en_US&aem_id=premiere-pro/how-to/in-app/040-save-time-with-different-preview-options-in-premiere-pro&aem_id=premiere-pro/how-to/in-app/try-generative-extend&aem_id=premiere-pro/how-to/in-app/animation-basics&aem_id=premiere-pro/how-to/in-app/create-rough-cut-text-based-edit&aem_id=premiere-pro/how-to/in-app/036-make-beauty-spots-sparkle&aem_id=premiere-pro/how-to/in-app/cut-to-the-beat&aem_id=premiere-pro/how-to/in-app/020-add-speed-ramping&aem_id=premiere-pro/how-to/in-app/032-make-food-colors-pop","hs_3_1_user_intent_dialog":"No Content","hs_3_1_web_tutorial":"https://utut-service.adobe.com/api/recommendation/tutorial/123?metadata.application.sap_code=PPRO&locale=en_US&metadata.platforms=helpx&api_key=EngagementStream1&max_tutorials=15","hs_4_0_profile_base":"No Content","hs_4_0_toast":"No Content","hs_4_0_touts":"https://odin.adobe.com/content/dam/ccfirstmile/PPRO/en_US/ExperienceHomeMX24/pr-2026-04-firefly-cousage-experience-Phase1.cfm.gql.json","hs_4_0_view_plans":"No Content","hs_4_0_whats_new":"https://odin.adobe.com/content/dam/ccfirstmile/PPRO/en_US/componentWhatsNewToastal/Pr-GA-Apr-26-Multicard-WN-3553.cfm.gql.json","lcm_learn":"No Content","pes_atlas":"No Content","pes_browse_learn":"No Content","pes_features":"No Content","pes_whats_new":"No Content"}},"id":"f8f359d2-c1ae-40f7-9e06-66366ba7174a","schema":"https://ns.adobe.com/personalization/json-content-item"}],"scope":"adbpr://desktop","scopeDetails":{"activity":{"id":"02b682d0-a6b1-4df8-8722-a63c771198d0#3edb1997-bf0a-435c-a254-129f5aa290ac","matchedSurfaces":["adbpr://desktop/"],"priority":45},"characteristics":{"eventToken":"eyJtZXNzYWdlRXhlY3V0aW9uIjp7Im1lc3NhZ2VFeGVjdXRpb25JRCI6IlVFOkluYm91bmQiLCJtZXNzYWdlSUQiOiI1ZTllYzk4Yi1lMDk2LTQ5NGMtYTIwOS01ZGRhZjUxNzc4NGYiLCJtZXNzYWdlUHVibGljYXRpb25JRCI6IjIxNjE3ZGVmLWNiNjQtNGQ3Ny1hMzA5LTZiZWY3M2IzZmVjYSIsIm1lc3NhZ2VUeXBlIjoibWFya2V0aW5nIiwiY2FtcGFpZ25JRCI6IjAyYjY4MmQwLWE2YjEtNGRmOC04NzIyLWE2M2M3NzExOThkMCIsImNhbXBhaWduVmVyc2lvbklEIjoiYTRhM2E0NGUtODQyNy00OWViLTg4NjUtYzc2OGE1NGM3OGU1IiwiY2FtcGFpZ25BY3Rpb25JRCI6IjNlZGIxOTk3LWJmMGEtNDM1Yy1hMjU0LTEyOWY1YWEyOTBhYyJ9LCJtZXNzYWdlUHJvZmlsZSI6eyJtZXNzYWdlUHJvZmlsZUlEIjoiOWU3ODJkMzMtMTZmNS00ZGFkLWFkOTEtNjgwNzc4NDNmYjhkIiwiY2hhbm5lbCI6eyJfaWQiOiJodHRwczovL25zLmFkb2JlLmNvbS94ZG0vY2hhbm5lbHMvY29kZSIsIl90eXBlIjoiaHR0cHM6Ly9ucy5hZG9iZS5jb20veGRtL2NoYW5uZWwtdHlwZXMvY29kZSJ9fX0=","subPropositions":"W3siaWQiOiIyYzdlMjJiYS02ODJkLTQyZGYtODRmNy0yYWU4YjRlNWYxY2MiLCJzY29wZSI6ImFkYnByOi8vZGVza3RvcCIsInNjb3BlRGV0YWlscyI6eyJkZWNpc2lvblByb3ZpZGVyIjoiRVhEIiwiY29ycmVsYXRpb25JRCI6IjIxNjE3ZGVmLWNiNjQtNGQ3Ny1hMzA5LTZiZWY3M2IzZmVjYS0wIiwic3RyYXRlZ2llcyI6W3sic3RyYXRlZ3lJRCI6IjQ5ODVjNWFkLTI4OGUtNDlmYS1hMDc2LTNmOTM2ZGY4YmQ1NyIsInN0ZXAiOiJkZWNpc2lvblBvbGljeSJ9LHsic3RyYXRlZ3lJRCI6ImFkYnByOi8vZGVza3RvcCIsInN0ZXAiOiJwbGFjZW1lbnQifV0sInJhbmsiOjUsImFjdGl2aXR5Ijp7ImlkIjoiMDJiNjgyZDAtYTZiMS00ZGY4LTg3MjItYTYzYzc3MTE5OGQwIzNlZGIxOTk3LWJmMGEtNDM1Yy1hMjU0LTEyOWY1YWEyOTBhYyIsInByaW9yaXR5Ijo0NSwibWF0Y2hlZFN1cmZhY2VzIjpbImFkYnByOi8vZGVza3RvcC8iXX19LCJpdGVtcyI6W3siaWQiOiJkcHM6MzJiZmZmZmRmNmM0ZTA0NjgxMDBkMTJhOTgxZWVlNDAxYzViNWEzZjk3YjdjYmZkOjFjNzc3OWNmYTNlNGI3MzgiLCJldGFnIjoiNiIsIm5hbWUiOiJbT0ZSXSBQckRfRkZfQ291c2FnZV9QaGFzZTFfRU4iLCJpdGVtU2VsZWN0aW9uIjp7InNlbGVjdGlvbkRldGFpbCI6eyJzZWxlY3Rpb25UeXBlIjoibWFudWFsIiwidmVyc2lvbiI6ImxhdGVzdCJ9fSwidG9rZW4iOiJqcFFIRTVwN0FTbGZBMFI5eDVmUzNnIn1dfV0="},"correlationID":"21617def-cb64-4d77-a309-6bef73b3feca-0","decisionProvider":"AJO","rank":5,"strategies":[{"step":"passthroughActions","strategyID":"17da5b6a-5841-499c-81d9-4b5bb9ca0f23#3edb1997-bf0a-435c-a254-129f5aa290ac, 14e68667-b036-4890-b95b-af3b145acd7d#4ba9ecea-0971-435a-91ab-37fd2a46436a, 189b67e0-44bf-4968-8f3a-936b481d9ecd#3edb1997-bf0a-435c-a254-129f5aa290ac, d298ac49-f6c4-4c10-afb4-bf044f34d539#4ba9ecea-0971-435a-91ab-37fd2a46436a"}]}},"refreshTimestamp":"2026-07-15T21:08:41.250Z","rootAssetMetadata":[{"contentType":"application/octet-stream","dependencies":[],"fileExtension":"","filename":"","id":20260,"isPersonalized":false,"refreshTimestamp":"2026-07-15T21:08:41.264Z","url":"No Content"}],"sortOrder":1,"source":"surface","status":"ready","tags":["DP_Tool_Techniques_v1"],"xdm":{"_adobe_corpnew":{"app":{"installedApplications":[{"id":"PPRO","language":"en-US","majorVersion":26,"minorVersion":3,"name":"Premiere Pro","patchVersion":0,"version":"26.3.0.93"}],"language":"en-US"}},"application":{"id":"CCXP","name":"CCX Process","version":"7.8.0.2"},"device":{"platform":"winx86_64","type":"desktop"},"environment":{"_dc":{"language":"en-US"},"browserDetails":{"userAgentClientHints":{"platform":"winx86_64"}},"operatingSystem":"Windows","operatingSystemVersion":"10.0.26200"},"eventType":"personalization.request"}},"errorMessage":"NoTargetingCampaign","errorCode":30002}],"surfaceAnalyticsData":{"surfaceId":"DP_Tool_Techniques_v1"}},"in_app_contextual_notifications":{"failedContainers":[{"gsdkEnabledContent":true,"containerId":1,"containerLabel":"In-App Contextual Notifications","containerAnalyticsData":{"variationId":"21617def-cb64-4d77-a309-6bef73b3feca-0:::17da5b6a-5841-499c-81d9-4b5bb9ca0f23#3edb1997-bf0a-435c-a254-129f5aa290ac, 14e68667-b036-4890-b95b-af3b145acd7d#4ba9ecea-0971-435a-91ab-37fd2a46436a, 189b67e0-44bf-4968-8f3a-936b481d9ecd#3edb1997-bf0a-435c-a254-129f5aa290ac, d298ac49-f6c4-4c10-afb4-bf044f34d539#4ba9ecea-0971-435a-91ab-37fd2a46436a::::::f8f359d2-c1ae-40f7-9e06-66366ba7174a","actionBlockId":"f8f359d2-c1ae-40f7-9e06-66366ba7174a","campaignId":"02b682d0-a6b1-4df8-8722-a63c771198d0#3edb1997-bf0a-435c-a254-129f5aa290ac:::","containerStatus":"ready-In-App Contextual Notifications"},"gsdkStatus":"ready","gsdkContent":{"campaignState":"NoTargetingCampaign","consumer":{"code":"PPRO","id":82,"language":"en-US","name":"Premiere Pro","version":"26.3.0.93"},"container":{"lastUpdated":"2026-02-06T22:42:53.130Z","name":"In-App Contextual Notifications"},"id":10819,"monitoringData":{"exp.action_block_id":"f8f359d2-c1ae-40f7-9e06-66366ba7174a","exp.campaign_id":"02b682d0-a6b1-4df8-8722-a63c771198d0#3edb1997-bf0a-435c-a254-129f5aa290ac:::","exp.experience_id":"02b682d0-a6b1-4df8-8722-a63c771198d0#3edb1997-bf0a-435c-a254-129f5aa290ac","exp.request_guid":"c1308954-1142-41c0-adc8-35caf3c49c68","exp.response_guid":"4519ac40-f8fe-4549-bac8-3af48f1b0e2c","exp.surface_id":"4519ac40-f8fe-4549-bac8-3af48f1b0e2c","exp.variation_id":"21617def-cb64-4d77-a309-6bef73b3feca-0:::17da5b6a-5841-499c-81d9-4b5bb9ca0f23#3edb1997-bf0a-435c-a254-129f5aa290ac, 14e68667-b036-4890-b95b-af3b145acd7d#4ba9ecea-0971-435a-91ab-37fd2a46436a, 189b67e0-44bf-4968-8f3a-936b481d9ecd#3edb1997-bf0a-435c-a254-129f5aa290ac, d298ac49-f6c4-4c10-afb4-bf044f34d539#4ba9ecea-0971-435a-91ab-37fd2a46436a::::::f8f359d2-c1ae-40f7-9e06-66366ba7174a"},"proposition":{"id":"4519ac40-f8fe-4549-bac8-3af48f1b0e2c","items":[{"data":{"content":{"dp_ccn":"No Content","dp_core":"No Content","dp_dynamic_template":"No Content","dp_learn":"No Content","dp_tool_tech":"No Content","hs_3_1_inapp_tutorial":"https://utut-service.adobe.com/api/ututs?api_key=UtutSophiaCampaign1&metadata.platforms[]=in-app&status=live&metadata.application.sap_code=PPRO&locale=en_US&aem_id=premiere-pro/how-to/in-app/040-save-time-with-different-preview-options-in-premiere-pro&aem_id=premiere-pro/how-to/in-app/try-generative-extend&aem_id=premiere-pro/how-to/in-app/animation-basics&aem_id=premiere-pro/how-to/in-app/create-rough-cut-text-based-edit&aem_id=premiere-pro/how-to/in-app/036-make-beauty-spots-sparkle&aem_id=premiere-pro/how-to/in-app/cut-to-the-beat&aem_id=premiere-pro/how-to/in-app/020-add-speed-ramping&aem_id=premiere-pro/how-to/in-app/032-make-food-colors-pop","hs_3_1_user_intent_dialog":"No Content","hs_3_1_web_tutorial":"https://utut-service.adobe.com/api/recommendation/tutorial/123?metadata.application.sap_code=PPRO&locale=en_US&metadata.platforms=helpx&api_key=EngagementStream1&max_tutorials=15","hs_4_0_profile_base":"No Content","hs_4_0_toast":"No Content","hs_4_0_touts":"https://odin.adobe.com/content/dam/ccfirstmile/PPRO/en_US/ExperienceHomeMX24/pr-2026-04-firefly-cousage-experience-Phase1.cfm.gql.json","hs_4_0_view_plans":"No Content","hs_4_0_whats_new":"https://odin.adobe.com/content/dam/ccfirstmile/PPRO/en_US/componentWhatsNewToastal/Pr-GA-Apr-26-Multicard-WN-3553.cfm.gql.json","lcm_learn":"No Content","pes_atlas":"No Content","pes_browse_learn":"No Content","pes_features":"No Content","pes_whats_new":"No Content"}},"id":"f8f359d2-c1ae-40f7-9e06-66366ba7174a","schema":"https://ns.adobe.com/personalization/json-content-item"}],"scope":"adbpr://desktop","scopeDetails":{"activity":{"id":"02b682d0-a6b1-4df8-8722-a63c771198d0#3edb1997-bf0a-435c-a254-129f5aa290ac","matchedSurfaces":["adbpr://desktop/"],"priority":45},"characteristics":{"eventToken":"eyJtZXNzYWdlRXhlY3V0aW9uIjp7Im1lc3NhZ2VFeGVjdXRpb25JRCI6IlVFOkluYm91bmQiLCJtZXNzYWdlSUQiOiI1ZTllYzk4Yi1lMDk2LTQ5NGMtYTIwOS01ZGRhZjUxNzc4NGYiLCJtZXNzYWdlUHVibGljYXRpb25JRCI6IjIxNjE3ZGVmLWNiNjQtNGQ3Ny1hMzA5LTZiZWY3M2IzZmVjYSIsIm1lc3NhZ2VUeXBlIjoibWFya2V0aW5nIiwiY2FtcGFpZ25JRCI6IjAyYjY4MmQwLWE2YjEtNGRmOC04NzIyLWE2M2M3NzExOThkMCIsImNhbXBhaWduVmVyc2lvbklEIjoiYTRhM2E0NGUtODQyNy00OWViLTg4NjUtYzc2OGE1NGM3OGU1IiwiY2FtcGFpZ25BY3Rpb25JRCI6IjNlZGIxOTk3LWJmMGEtNDM1Yy1hMjU0LTEyOWY1YWEyOTBhYyJ9LCJtZXNzYWdlUHJvZmlsZSI6eyJtZXNzYWdlUHJvZmlsZUlEIjoiOWU3ODJkMzMtMTZmNS00ZGFkLWFkOTEtNjgwNzc4NDNmYjhkIiwiY2hhbm5lbCI6eyJfaWQiOiJodHRwczovL25zLmFkb2JlLmNvbS94ZG0vY2hhbm5lbHMvY29kZSIsIl90eXBlIjoiaHR0cHM6Ly9ucy5hZG9iZS5jb20veGRtL2NoYW5uZWwtdHlwZXMvY29kZSJ9fX0=","subPropositions":"W3siaWQiOiIyYzdlMjJiYS02ODJkLTQyZGYtODRmNy0yYWU4YjRlNWYxY2MiLCJzY29wZSI6ImFkYnByOi8vZGVza3RvcCIsInNjb3BlRGV0YWlscyI6eyJkZWNpc2lvblByb3ZpZGVyIjoiRVhEIiwiY29ycmVsYXRpb25JRCI6IjIxNjE3ZGVmLWNiNjQtNGQ3Ny1hMzA5LTZiZWY3M2IzZmVjYS0wIiwic3RyYXRlZ2llcyI6W3sic3RyYXRlZ3lJRCI6IjQ5ODVjNWFkLTI4OGUtNDlmYS1hMDc2LTNmOTM2ZGY4YmQ1NyIsInN0ZXAiOiJkZWNpc2lvblBvbGljeSJ9LHsic3RyYXRlZ3lJRCI6ImFkYnByOi8vZGVza3RvcCIsInN0ZXAiOiJwbGFjZW1lbnQifV0sInJhbmsiOjUsImFjdGl2aXR5Ijp7ImlkIjoiMDJiNjgyZDAtYTZiMS00ZGY4LTg3MjItYTYzYzc3MTE5OGQwIzNlZGIxOTk3LWJmMGEtNDM1Yy1hMjU0LTEyOWY1YWEyOTBhYyIsInByaW9yaXR5Ijo0NSwibWF0Y2hlZFN1cmZhY2VzIjpbImFkYnByOi8vZGVza3RvcC8iXX19LCJpdGVtcyI6W3siaWQiOiJkcHM6MzJiZmZmZmRmNmM0ZTA0NjgxMDBkMTJhOTgxZWVlNDAxYzViNWEzZjk3YjdjYmZkOjFjNzc3OWNmYTNlNGI3MzgiLCJldGFnIjoiNiIsIm5hbWUiOiJbT0ZSXSBQckRfRkZfQ291c2FnZV9QaGFzZTFfRU4iLCJpdGVtU2VsZWN0aW9uIjp7InNlbGVjdGlvbkRldGFpbCI6eyJzZWxlY3Rpb25UeXBlIjoibWFudWFsIiwidmVyc2lvbiI6ImxhdGVzdCJ9fSwidG9rZW4iOiJqcFFIRTVwN0FTbGZBMFI5eDVmUzNnIn1dfV0="},"correlationID":"21617def-cb64-4d77-a309-6bef73b3feca-0","decisionProvider":"AJO","rank":5,"strategies":[{"step":"passthroughActions","strategyID":"17da5b6a-5841-499c-81d9-4b5bb9ca0f23#3edb1997-bf0a-435c-a254-129f5aa290ac, 14e68667-b036-4890-b95b-af3b145acd7d#4ba9ecea-0971-435a-91ab-37fd2a46436a, 189b67e0-44bf-4968-8f3a-936b481d9ecd#3edb1997-bf0a-435c-a254-129f5aa290ac, d298ac49-f6c4-4c10-afb4-bf044f34d539#4ba9ecea-0971-435a-91ab-37fd2a46436a"}]}},"refreshTimestamp":"2026-07-15T21:08:41.250Z","rootAssetMetadata":[{"contentType":"application/octet-stream","dependencies":[],"fileExtension":"","filename":"","id":20259,"isPersonalized":false,"refreshTimestamp":"2026-07-15T21:08:41.264Z","url":"No Content"}],"sortOrder":1,"source":"surface","status":"ready","tags":["in_app_contextual_notifications"],"xdm":{"_adobe_corpnew":{"app":{"installedApplications":[{"id":"PPRO","language":"en-US","majorVersion":26,"minorVersion":3,"name":"Premiere Pro","patchVersion":0,"version":"26.3.0.93"}],"language":"en-US"}},"application":{"id":"CCXP","name":"CCX Process","version":"7.8.0.2"},"device":{"platform":"winx86_64","type":"desktop"},"environment":{"_dc":{"language":"en-US"},"browserDetails":{"userAgentClientHints":{"platform":"winx86_64"}},"operatingSystem":"Windows","operatingSystemVersion":"10.0.26200"},"eventType":"personalization.request"}},"errorMessage":"NoTargetingCampaign","errorCode":30002},{"gsdkEnabledContent":true,"containerId":2,"containerLabel":"Dynamic DP Modes","containerAnalyticsData":{"variationId":"21617def-cb64-4d77-a309-6bef73b3feca-0:::17da5b6a-5841-499c-81d9-4b5bb9ca0f23#3edb1997-bf0a-435c-a254-129f5aa290ac, 14e68667-b036-4890-b95b-af3b145acd7d#4ba9ecea-0971-435a-91ab-37fd2a46436a, 189b67e0-44bf-4968-8f3a-936b481d9ecd#3edb1997-bf0a-435c-a254-129f5aa290ac, d298ac49-f6c4-4c10-afb4-bf044f34d539#4ba9ecea-0971-435a-91ab-37fd2a46436a::::::f8f359d2-c1ae-40f7-9e06-66366ba7174a","actionBlockId":"f8f359d2-c1ae-40f7-9e06-66366ba7174a","campaignId":"02b682d0-a6b1-4df8-8722-a63c771198d0#3edb1997-bf0a-435c-a254-129f5aa290ac:::","containerStatus":"ready-Dynamic DP Modes"},"gsdkStatus":"ready","gsdkContent":{"campaignState":"NoTargetingCampaign","consumer":{"code":"PPRO","id":82,"language":"en-US","name":"Premiere Pro","version":"26.3.0.93"},"container":{"lastUpdated":"2026-02-06T22:42:53.130Z","name":"Dynamic DP Modes"},"id":10821,"monitoringData":{"exp.action_block_id":"f8f359d2-c1ae-40f7-9e06-66366ba7174a","exp.campaign_id":"02b682d0-a6b1-4df8-8722-a63c771198d0#3edb1997-bf0a-435c-a254-129f5aa290ac:::","exp.experience_id":"02b682d0-a6b1-4df8-8722-a63c771198d0#3edb1997-bf0a-435c-a254-129f5aa290ac","exp.request_guid":"c1308954-1142-41c0-adc8-35caf3c49c68","exp.response_guid":"4519ac40-f8fe-4549-bac8-3af48f1b0e2c","exp.surface_id":"4519ac40-f8fe-4549-bac8-3af48f1b0e2c","exp.variation_id":"21617def-cb64-4d77-a309-6bef73b3feca-0:::17da5b6a-5841-499c-81d9-4b5bb9ca0f23#3edb1997-bf0a-435c-a254-129f5aa290ac, 14e68667-b036-4890-b95b-af3b145acd7d#4ba9ecea-0971-435a-91ab-37fd2a46436a, 189b67e0-44bf-4968-8f3a-936b481d9ecd#3edb1997-bf0a-435c-a254-129f5aa290ac, d298ac49-f6c4-4c10-afb4-bf044f34d539#4ba9ecea-0971-435a-91ab-37fd2a46436a::::::f8f359d2-c1ae-40f7-9e06-66366ba7174a"},"proposition":{"id":"4519ac40-f8fe-4549-bac8-3af48f1b0e2c","items":[{"data":{"content":{"dp_ccn":"No Content","dp_core":"No Content","dp_dynamic_template":"No Content","dp_learn":"No Content","dp_tool_tech":"No Content","hs_3_1_inapp_tutorial":"https://utut-service.adobe.com/api/ututs?api_key=UtutSophiaCampaign1&metadata.platforms[]=in-app&status=live&metadata.application.sap_code=PPRO&locale=en_US&aem_id=premiere-pro/how-to/in-app/040-save-time-with-different-preview-options-in-premiere-pro&aem_id=premiere-pro/how-to/in-app/try-generative-extend&aem_id=premiere-pro/how-to/in-app/animation-basics&aem_id=premiere-pro/how-to/in-app/create-rough-cut-text-based-edit&aem_id=premiere-pro/how-to/in-app/036-make-beauty-spots-sparkle&aem_id=premiere-pro/how-to/in-app/cut-to-the-beat&aem_id=premiere-pro/how-to/in-app/020-add-speed-ramping&aem_id=premiere-pro/how-to/in-app/032-make-food-colors-pop","hs_3_1_user_intent_dialog":"No Content","hs_3_1_web_tutorial":"https://utut-service.adobe.com/api/recommendation/tutorial/123?metadata.application.sap_code=PPRO&locale=en_US&metadata.platforms=helpx&api_key=EngagementStream1&max_tutorials=15","hs_4_0_profile_base":"No Content","hs_4_0_toast":"No Content","hs_4_0_touts":"https://odin.adobe.com/content/dam/ccfirstmile/PPRO/en_US/ExperienceHomeMX24/pr-2026-04-firefly-cousage-experience-Phase1.cfm.gql.json","hs_4_0_view_plans":"No Content","hs_4_0_whats_new":"https://odin.adobe.com/content/dam/ccfirstmile/PPRO/en_US/componentWhatsNewToastal/Pr-GA-Apr-26-Multicard-WN-3553.cfm.gql.json","lcm_learn":"No Content","pes_atlas":"No Content","pes_browse_learn":"No Content","pes_features":"No Content","pes_whats_new":"No Content"}},"id":"f8f359d2-c1ae-40f7-9e06-66366ba7174a","schema":"https://ns.adobe.com/personalization/json-content-item"}],"scope":"adbpr://desktop","scopeDetails":{"activity":{"id":"02b682d0-a6b1-4df8-8722-a63c771198d0#3edb1997-bf0a-435c-a254-129f5aa290ac","matchedSurfaces":["adbpr://desktop/"],"priority":45},"characteristics":{"eventToken":"eyJtZXNzYWdlRXhlY3V0aW9uIjp7Im1lc3NhZ2VFeGVjdXRpb25JRCI6IlVFOkluYm91bmQiLCJtZXNzYWdlSUQiOiI1ZTllYzk4Yi1lMDk2LTQ5NGMtYTIwOS01ZGRhZjUxNzc4NGYiLCJtZXNzYWdlUHVibGljYXRpb25JRCI6IjIxNjE3ZGVmLWNiNjQtNGQ3Ny1hMzA5LTZiZWY3M2IzZmVjYSIsIm1lc3NhZ2VUeXBlIjoibWFya2V0aW5nIiwiY2FtcGFpZ25JRCI6IjAyYjY4MmQwLWE2YjEtNGRmOC04NzIyLWE2M2M3NzExOThkMCIsImNhbXBhaWduVmVyc2lvbklEIjoiYTRhM2E0NGUtODQyNy00OWViLTg4NjUtYzc2OGE1NGM3OGU1IiwiY2FtcGFpZ25BY3Rpb25JRCI6IjNlZGIxOTk3LWJmMGEtNDM1Yy1hMjU0LTEyOWY1YWEyOTBhYyJ9LCJtZXNzYWdlUHJvZmlsZSI6eyJtZXNzYWdlUHJvZmlsZUlEIjoiOWU3ODJkMzMtMTZmNS00ZGFkLWFkOTEtNjgwNzc4NDNmYjhkIiwiY2hhbm5lbCI6eyJfaWQiOiJodHRwczovL25zLmFkb2JlLmNvbS94ZG0vY2hhbm5lbHMvY29kZSIsIl90eXBlIjoiaHR0cHM6Ly9ucy5hZG9iZS5jb20veGRtL2NoYW5uZWwtdHlwZXMvY29kZSJ9fX0=","subPropositions":"W3siaWQiOiIyYzdlMjJiYS02ODJkLTQyZGYtODRmNy0yYWU4YjRlNWYxY2MiLCJzY29wZSI6ImFkYnByOi8vZGVza3RvcCIsInNjb3BlRGV0YWlscyI6eyJkZWNpc2lvblByb3ZpZGVyIjoiRVhEIiwiY29ycmVsYXRpb25JRCI6IjIxNjE3ZGVmLWNiNjQtNGQ3Ny1hMzA5LTZiZWY3M2IzZmVjYS0wIiwic3RyYXRlZ2llcyI6W3sic3RyYXRlZ3lJRCI6IjQ5ODVjNWFkLTI4OGUtNDlmYS1hMDc2LTNmOTM2ZGY4YmQ1NyIsInN0ZXAiOiJkZWNpc2lvblBvbGljeSJ9LHsic3RyYXRlZ3lJRCI6ImFkYnByOi8vZGVza3RvcCIsInN0ZXAiOiJwbGFjZW1lbnQifV0sInJhbmsiOjUsImFjdGl2aXR5Ijp7ImlkIjoiMDJiNjgyZDAtYTZiMS00ZGY4LTg3MjItYTYzYzc3MTE5OGQwIzNlZGIxOTk3LWJmMGEtNDM1Yy1hMjU0LTEyOWY1YWEyOTBhYyIsInByaW9yaXR5Ijo0NSwibWF0Y2hlZFN1cmZhY2VzIjpbImFkYnByOi8vZGVza3RvcC8iXX19LCJpdGVtcyI6W3siaWQiOiJkcHM6MzJiZmZmZmRmNmM0ZTA0NjgxMDBkMTJhOTgxZWVlNDAxYzViNWEzZjk3YjdjYmZkOjFjNzc3OWNmYTNlNGI3MzgiLCJldGFnIjoiNiIsIm5hbWUiOiJbT0ZSXSBQckRfRkZfQ291c2FnZV9QaGFzZTFfRU4iLCJpdGVtU2VsZWN0aW9uIjp7InNlbGVjdGlvbkRldGFpbCI6eyJzZWxlY3Rpb25UeXBlIjoibWFudWFsIiwidmVyc2lvbiI6ImxhdGVzdCJ9fSwidG9rZW4iOiJqcFFIRTVwN0FTbGZBMFI5eDVmUzNnIn1dfV0="},"correlationID":"21617def-cb64-4d77-a309-6bef73b3feca-0","decisionProvider":"AJO","rank":5,"strategies":[{"step":"passthroughActions","strategyID":"17da5b6a-5841-499c-81d9-4b5bb9ca0f23#3edb1997-bf0a-435c-a254-129f5aa290ac, 14e68667-b036-4890-b95b-af3b145acd7d#4ba9ecea-0971-435a-91ab-37fd2a46436a, 189b67e0-44bf-4968-8f3a-936b481d9ecd#3edb1997-bf0a-435c-a254-129f5aa290ac, d298ac49-f6c4-4c10-afb4-bf044f34d539#4ba9ecea-0971-435a-91ab-37fd2a46436a"}]}},"refreshTimestamp":"2026-07-15T21:08:41.250Z","rootAssetMetadata":[{"contentType":"application/octet-stream","dependencies":[],"fileExtension":"","filename":"","id":20261,"isPersonalized":false,"refreshTimestamp":"2026-07-15T21:08:41.264Z","url":"No Content"}],"sortOrder":2,"source":"surface","status":"ready","tags":["in_app_contextual_notifications"],"xdm":{"_adobe_corpnew":{"app":{"installedApplications":[{"id":"PPRO","language":"en-US","majorVersion":26,"minorVersion":3,"name":"Premiere Pro","patchVersion":0,"version":"26.3.0.93"}],"language":"en-US"}},"application":{"id":"CCXP","name":"CCX Process","version":"7.8.0.2"},"device":{"platform":"winx86_64","type":"desktop"},"environment":{"_dc":{"language":"en-US"},"browserDetails":{"userAgentClientHints":{"platform":"winx86_64"}},"operatingSystem":"Windows","operatingSystemVersion":"10.0.26200"},"eventType":"personalization.request"}},"errorMessage":"NoTargetingCampaign","errorCode":30002}],"surfaceAnalyticsData":{"surfaceId":"in_app_contextual_notifications"}}},"_ccx":{"version":1}}
[2026-07-16_12-26-41][52108][Error] [console] [DP] Invalid survey content: surface(NPS_SURVEY): has no containers})
[2026-07-16_12-26-45][44280][Default] [console] Connected to WebSocket on port 12500
[2026-07-16_12-26-45][44280][Default] [console] event.data {"message_type":"handshake_confirmation","token":""}
[2026-07-16_12-26-45][44280][Default] [console] Handshake confirmed by server
[2026-07-16_12-26-47][44280][Default] [console] websocket.connected 
[2026-07-16_12-26-47][44280][Default] [console] SPELLBOOK sendHostShortcutsPath
[2026-07-16_12-26-47][44280][Default] [console] 12:26:47 PM pong
[2026-07-16_12-26-47][44280][Default] [console] 12:26:47 PM pong
[2026-07-16_12-26-52][44280][Default] [console] 12:26:52 PM pong
[2026-07-16_12-26-57][44280][Default] [console] 12:26:57 PM pong
[2026-07-16_12-27-02][44280][Default] [console] 12:27:02 PM pong
[2026-07-16_12-27-07][44280][Default] [console] 12:27:07 PM pong
[2026-07-16_12-27-12][44280][Default] [console] 12:27:12 PM pong
[2026-07-16_12-27-17][44280][Default] [console] 12:27:17 PM pong
[2026-07-16_12-27-22][44280][Default] [console] 12:27:22 PM pong
[2026-07-16_12-27-27][44280][Default] [console] 12:27:27 PM pong
[2026-07-16_12-27-32][44280][Default] [console] 12:27:32 PM pong
[2026-07-16_12-27-37][44280][Default] [console] 12:27:37 PM pong
[2026-07-16_12-27-42][44280][Default] [console] 12:27:42 PM pong
[2026-07-16_12-27-47][44280][Default] [console] 12:27:47 PM pong
[2026-07-16_12-27-52][44280][Default] [console] 12:27:52 PM pong
[2026-07-16_12-27-57][44280][Default] [console] 12:27:57 PM pong
[2026-07-16_12-28-02][44280][Default] [console] 12:28:02 PM pong
[2026-07-16_12-28-07][44280][Default] [console] 12:28:07 PM pong
[2026-07-16_12-28-12][44280][Default] [console] 12:28:12 PM pong
[2026-07-16_12-28-17][44280][Default] [console] 12:28:17 PM pong
[2026-07-16_12-28-22][44280][Default] [console] 12:28:22 PM pong
[2026-07-16_12-28-27][44280][Default] [console] 12:28:27 PM pong
[2026-07-16_12-28-32][44280][Default] [console] 12:28:32 PM pong
[2026-07-16_12-28-37][44280][Default] [console] 12:28:37 PM pong
[2026-07-16_12-28-38][48240][Warn] [general] Setting focus failed on node: input
[2026-07-16_12-28-42][44280][Default] [console] 12:28:42 PM pong
[2026-07-16_12-28-47][44280][Default] [console] 12:28:47 PM pong
[2026-07-16_12-28-52][44280][Default] [console] 12:28:52 PM pong
[2026-07-16_12-28-57][44280][Default] [console] 12:28:57 PM pong
[2026-07-16_12-29-02][44280][Default] [console] 12:29:02 PM pong
[2026-07-16_12-29-07][44280][Default] [console] 12:29:07 PM pong
[2026-07-16_12-29-12][44280][Default] [console] 12:29:12 PM pong
[2026-07-16_12-29-17][44280][Default] [console] 12:29:17 PM pong
[2026-07-16_12-29-23][44280][Default] [console] 12:29:23 PM pong
[2026-07-16_12-29-28][44280][Default] [console] 12:29:28 PM pong
[2026-07-16_12-29-33][44280][Default] [console] 12:29:33 PM pong
[2026-07-16_12-29-38][44280][Default] [console] 12:29:38 PM pong
[2026-07-16_12-29-43][44280][Default] [console] 12:29:43 PM pong
[2026-07-16_12-29-48][44280][Default] [console] 12:29:48 PM pong
[2026-07-16_12-29-53][44280][Default] [console] 12:29:53 PM pong
[2026-07-16_12-29-58][44280][Default] [console] 12:29:58 PM pong
[2026-07-16_12-30-03][44280][Default] [console] 12:30:03 PM pong
[2026-07-16_12-30-08][44280][Default] [console] 12:30:08 PM pong
[2026-07-16_12-30-13][44280][Default] [console] 12:30:13 PM pong
[2026-07-16_12-30-18][44280][Default] [console] 12:30:18 PM pong
[2026-07-16_12-30-23][44280][Default] [console] 12:30:23 PM pong
[2026-07-16_12-30-28][44280][Default] [console] 12:30:28 PM pong
[2026-07-16_12-30-33][44280][Default] [console] 12:30:33 PM pong
[2026-07-16_12-30-38][44280][Default] [console] 12:30:38 PM pong
[2026-07-16_12-30-43][44280][Default] [console] 12:30:43 PM pong
[2026-07-16_12-30-48][44280][Default] [console] 12:30:48 PM pong
[2026-07-16_12-30-53][44280][Default] [console] 12:30:53 PM pong
[2026-07-16_12-30-58][44280][Default] [console] 12:30:58 PM pong
[2026-07-16_12-31-03][44280][Default] [console] 12:31:03 PM pong
[2026-07-16_12-31-08][44280][Default] [console] 12:31:08 PM pong
[2026-07-16_12-31-14][44280][Default] [console] 12:31:14 PM pong
[2026-07-16_12-31-19][44280][Default] [console] 12:31:19 PM pong
[2026-07-16_12-31-24][44280][Default] [console] 12:31:24 PM pong
[2026-07-16_12-31-29][44280][Default] [console] 12:31:29 PM pong
[2026-07-16_12-31-34][44280][Default] [console] 12:31:34 PM pong
[2026-07-16_12-31-39][44280][Default] [console] 12:31:39 PM pong
[2026-07-16_12-31-44][44280][Default] [console] 12:31:44 PM pong
[2026-07-16_12-31-49][44280][Default] [console] 12:31:49 PM pong
[2026-07-16_12-31-54][44280][Default] [console] 12:31:54 PM pong
[2026-07-16_12-31-59][44280][Default] [console] 12:31:59 PM pong
[2026-07-16_12-32-05][44280][Default] [console] 12:32:05 PM pong
[2026-07-16_12-32-10][44280][Default] [console] 12:32:10 PM pong
[2026-07-16_12-32-15][44280][Default] [console] 12:32:15 PM pong
[2026-07-16_12-32-20][44280][Default] [console] 12:32:20 PM pong
[2026-07-16_12-32-25][44280][Default] [console] 12:32:25 PM pong
[2026-07-16_12-32-31][44280][Default] [console] 12:32:31 PM pong
[2026-07-16_12-32-36][44280][Default] [console] 12:32:36 PM pong
[2026-07-16_12-32-41][44280][Default] [console] 12:32:41 PM pong
[2026-07-16_12-32-46][44280][Default] [console] 12:32:46 PM pong
[2026-07-16_12-32-51][44280][Default] [console] 12:32:51 PM pong
[2026-07-16_12-32-56][44280][Default] [console] 12:32:56 PM pong
[2026-07-16_12-33-01][44280][Default] [console] 12:33:01 PM pong
[2026-07-16_12-33-07][44280][Default] [console] 12:33:07 PM pong
[2026-07-16_12-33-12][44280][Default] [console] 12:33:12 PM pong
[2026-07-16_12-33-17][44280][Default] [console] 12:33:17 PM pong
[2026-07-16_12-33-22][44280][Default] [console] 12:33:22 PM pong
[2026-07-16_12-33-27][44280][Default] [console] 12:33:27 PM pong
[2026-07-16_12-33-32][44280][Default] [console] 12:33:32 PM pong
[2026-07-16_12-33-38][44280][Default] [console] 12:33:38 PM pong
[2026-07-16_12-33-43][44280][Default] [console] 12:33:43 PM pong
[2026-07-16_12-33-48][44280][Default] [console] 12:33:48 PM pong
[2026-07-16_12-33-53][44280][Default] [console] 12:33:53 PM pong
[2026-07-16_12-33-58][44280][Default] [console] 12:33:58 PM pong
[2026-07-16_12-34-03][44280][Default] [console] 12:34:03 PM pong
[2026-07-16_12-34-08][44280][Default] [console] 12:34:08 PM pong
[2026-07-16_12-34-13][44280][Default] [console] 12:34:13 PM pong
[2026-07-16_12-34-19][44280][Default] [console] 12:34:19 PM pong
[2026-07-16_12-34-24][44280][Default] [console] 12:34:24 PM pong
[2026-07-16_12-34-29][44280][Default] [console] 12:34:29 PM pong
[2026-07-16_12-34-34][44280][Default] [console] 12:34:34 PM pong
[2026-07-16_12-34-39][44280][Default] [console] 12:34:39 PM pong
[2026-07-16_12-34-44][44280][Default] [console] 12:34:44 PM pong
[2026-07-16_12-34-50][44280][Default] [console] 12:34:50 PM pong
[2026-07-16_12-34-55][44280][Default] [console] 12:34:55 PM pong
[2026-07-16_12-35-00][44280][Default] [console] 12:35:00 PM pong
[2026-07-16_12-35-05][44280][Default] [console] 12:35:05 PM pong
[2026-07-16_12-35-10][44280][Default] [console] 12:35:10 PM pong
[2026-07-16_12-35-15][44280][Default] [console] 12:35:15 PM pong
[2026-07-16_12-35-21][44280][Default] [console] 12:35:21 PM pong
[2026-07-16_12-35-26][44280][Default] [console] 12:35:26 PM pong
[2026-07-16_12-35-31][44280][Default] [console] 12:35:31 PM pong
[2026-07-16_12-35-36][44280][Default] [console] 12:35:36 PM pong
[2026-07-16_12-35-42][44280][Default] [console] 12:35:42 PM pong
[2026-07-16_12-35-47][44280][Default] [console] 12:35:47 PM pong
[2026-07-16_12-35-52][44280][Default] [console] 12:35:52 PM pong
[2026-07-16_12-35-57][44280][Default] [console] 12:35:57 PM pong
[2026-07-16_12-36-02][44280][Default] [console] 12:36:02 PM pong
[2026-07-16_12-36-07][44280][Default] [console] 12:36:07 PM pong
[2026-07-16_12-36-12][44280][Default] [console] 12:36:12 PM pong
[2026-07-16_12-36-17][44280][Default] [console] 12:36:17 PM pong
[2026-07-16_12-36-23][44280][Default] [console] 12:36:23 PM pong
[2026-07-16_12-36-28][44280][Default] [console] 12:36:28 PM pong
[2026-07-16_12-36-33][44280][Default] [console] 12:36:33 PM pong
[2026-07-16_12-36-38][44280][Default] [console] 12:36:38 PM pong
[2026-07-16_12-36-44][44280][Default] [console] 12:36:44 PM pong
[2026-07-16_12-36-48][44280][Default] [console] 12:36:48 PM pong
[2026-07-16_12-36-54][44280][Default] [console] 12:36:54 PM pong
[2026-07-16_12-36-59][44280][Default] [console] 12:36:59 PM pong
[2026-07-16_12-37-04][44280][Default] [console] 12:37:04 PM pong
[2026-07-16_12-37-09][44280][Default] [console] 12:37:09 PM pong
[2026-07-16_12-37-14][44280][Default] [console] 12:37:14 PM pong
[2026-07-16_12-37-19][44280][Default] [console] 12:37:19 PM pong
[2026-07-16_12-37-25][44280][Default] [console] 12:37:25 PM pong
[2026-07-16_12-37-30][44280][Default] [console] 12:37:30 PM pong
[2026-07-16_12-37-35][44280][Default] [console] 12:37:35 PM pong
[2026-07-16_12-37-40][44280][Default] [console] 12:37:40 PM pong
[2026-07-16_12-37-45][44280][Default] [console] 12:37:45 PM pong
[2026-07-16_12-37-50][44280][Default] [console] 12:37:50 PM pong
[2026-07-16_12-37-56][44280][Default] [console] 12:37:56 PM pong
[2026-07-16_12-38-01][44280][Default] [console] 12:38:01 PM pong
[2026-07-16_12-38-06][44280][Default] [console] 12:38:06 PM pong
[2026-07-16_12-38-11][44280][Default] [console] 12:38:11 PM pong
[2026-07-16_12-38-16][44280][Default] [console] 12:38:16 PM pong
[2026-07-16_12-38-22][44280][Default] [console] 12:38:22 PM pong
[2026-07-16_12-38-27][44280][Default] [console] 12:38:27 PM pong
[2026-07-16_12-38-32][44280][Default] [console] 12:38:32 PM pong
[2026-07-16_12-38-37][44280][Default] [console] 12:38:37 PM pong
