[2026-07-16_14-14-07][23540][Info] [general] Instead of the WebView2 runtime in the system, UXP will use the WebView2 runtime in the folder: C:\Program Files\Common Files\Adobe\Microsoft\EdgeWebView
[2026-07-16_14-14-07][23540][Warn] [general] We are going to deprecate hostInfo access soon. Please use HostInfoController instead.
[2026-07-16_14-14-07][23540][Info] upic::Upic version 2.6.0 is initialized
[2026-07-16_14-14-07][23540][Info] upic::Boolean flag with key showpremiereproUXPListing is not present in preferences file hence returning default value
[2026-07-16_14-14-07][23540][Info] upic::Loading plugins from system PluginsInfo file 
[2026-07-16_14-14-07][23540][Info] upic::Loading plugins from user PluginsInfo file 
[2026-07-16_14-14-07][23540][Debug] upic::plugin with id: knights_of_the_editing_table.spell_book_premierepro is added in uxp plugin manager with status as enabled
[2026-07-16_14-14-07][23540][Debug] upic::plugin with id: LogiPremierePro is added in uxp plugin manager with status as enabled
[2026-07-16_14-14-07][23540][Debug] upic::plugin with id: preset-pilot is added in uxp plugin manager with status as enabled
[2026-07-16_14-14-07][23540][Debug] upic::plugin with id: com.fayelab.opencurve is added in uxp plugin manager with status as enabled
[2026-07-16_14-14-07][23540][Debug] upic::plugin with id: com.blocky.oracle.v5 is added in uxp plugin manager with status as enabled
[2026-07-16_14-14-07][23540][Info] [general] Plugin knights_of_the_editing_table.spell_book_premierepro : [v4] Using Default Value for Icon species
[2026-07-16_14-14-07][23540][Info] [general] Plugin knights_of_the_editing_table.spell_book_premierepro : Scaled Icon :  assets/icons/plugin-icon@1x.png  not found
[2026-07-16_14-14-07][23540][Info] [general] Plugin knights_of_the_editing_table.spell_book_premierepro : Scaled Icon :  assets/icons/plugin-icon@2x.png  not found
[2026-07-16_14-14-07][23540][Warn] [general] Please set UserInfoController::initialize() before app initialization.
[2026-07-16_14-14-07][23540][Info] [general] Plugin LogiPremierePro : [v4] Using Default Value for Icon species
[2026-07-16_14-14-07][23540][Warn] [general] Please set UserInfoController::initialize() before app initialization.
[2026-07-16_14-14-07][23540][Info] [general] Plugin preset-pilot : Scaled Icon :  icons/icon_D@1x.png  not found
[2026-07-16_14-14-07][23540][Info] [general] Plugin preset-pilot : Scaled Icon :  icons/icon_N@1x.png  not found
[2026-07-16_14-14-07][23540][Info] [general] Plugin preset-pilot : Scaled Icon :  icons/icon_D@1x.png  not found
[2026-07-16_14-14-07][23540][Info] [general] Plugin preset-pilot : Scaled Icon :  icons/icon_N@1x.png  not found
[2026-07-16_14-14-07][23540][Warn] [general] Please set UserInfoController::initialize() before app initialization.
[2026-07-16_14-14-07][23540][Info] [general] Plugin com.fayelab.opencurve : [v4] Using Default Value for Icon species
[2026-07-16_14-14-07][23540][Info] [general] Plugin com.fayelab.opencurve : Scaled Icon :  icons/icon-dark@1x.png  not found
[2026-07-16_14-14-07][23540][Info] [general] Plugin com.fayelab.opencurve : Scaled Icon :  icons/icon-dark@2x.png  not found
[2026-07-16_14-14-07][23540][Info] [general] Plugin com.fayelab.opencurve : Scaled Icon :  icons/plugin-icon-dark@1x.png  not found
[2026-07-16_14-14-07][23540][Info] [general] Plugin com.fayelab.opencurve : Scaled Icon :  icons/plugin-icon-dark@2x.png  not found
[2026-07-16_14-14-07][23540][Warn] [general] Please set UserInfoController::initialize() before app initialization.
[2026-07-16_14-14-07][23540][Warn] [general] Please set UserInfoController::initialize() before app initialization.
[2026-07-16_14-14-07][23540][Info] upic::Adding plugins in uxp plugin manager using batch addPlugins Api
[2026-07-16_14-14-07][23540][Info] upic::Number of plugins added from system's pluginsInfo: 1
[2026-07-16_14-14-07][23540][Info] upic::Sending message to UPI, type: vulcan.SuiteMessage.upi.analytics.messagepayload: {"version":"v1","hostSapCode":"PPRO","hostVersion":"26.3.0","message":{"action":"send","events":[{"event.type":"register","event.subtype":"pluginsInfo","content.category":"system","event.count":"1","event.expected_count":"1"}]}}
[2026-07-16_14-14-07][23540][Info] upic::Number of plugins added from user's pluginsInfo: 4
[2026-07-16_14-14-07][23540][Info] upic::Sending message to UPI, type: vulcan.SuiteMessage.upi.analytics.messagepayload: {"version":"v1","hostSapCode":"PPRO","hostVersion":"26.3.0","message":{"action":"send","events":[{"event.type":"register","event.subtype":"pluginsInfo","content.category":"user","event.count":"4","event.expected_count":"4"}]}}
[2026-07-16_14-14-07][23540][Default] [general] UXP DevTools: Sending Notification that UXP is Dev Ready
[2026-07-16_14-14-07][23540][Warn] [general] Please set UserInfoController::initialize() before app initialization.
[2026-07-16_14-14-07][12364][Info] [general] Trying to connect to uxp devtools cli service running at port  14001
[2026-07-16_14-14-07][23540][Warn] [general] Please set UserInfoController::initialize() before app initialization.
[2026-07-16_14-14-07][23540][Warn] [general] We are going to deprecate HostInfo API soon, please use HostApi instead.
[2026-07-16_14-14-07][23540][Info] [general] analyticsTracker_ is being accessed without setting
[2026-07-16_14-14-07][23540][Info] [general] Plugin com.fayelab.opencurve : [v4] Using Default Value for Icon species
[2026-07-16_14-14-07][23540][Info] [general] Plugin com.fayelab.opencurve : Scaled Icon :  icons/icon-dark@1x.png  not found
[2026-07-16_14-14-07][23540][Info] [general] Plugin com.fayelab.opencurve : Scaled Icon :  icons/icon-dark@2x.png  not found
[2026-07-16_14-14-07][23540][Info] [general] Plugin com.fayelab.opencurve : Scaled Icon :  icons/plugin-icon-dark@1x.png  not found
[2026-07-16_14-14-07][23540][Info] [general] Plugin com.fayelab.opencurve : Scaled Icon :  icons/plugin-icon-dark@2x.png  not found
[2026-07-16_14-14-07][23540][Warn] [general] Please set UserInfoController::initialize() before app initialization.
[2026-07-16_14-14-07][23540][Info] [general] analyticsTracker_ is being accessed without setting
[2026-07-16_14-14-07][23540][Info] [general] Plugin preset-pilot : Scaled Icon :  icons/icon_D@1x.png  not found
[2026-07-16_14-14-07][23540][Info] [general] Plugin preset-pilot : Scaled Icon :  icons/icon_N@1x.png  not found
[2026-07-16_14-14-07][23540][Info] [general] Plugin preset-pilot : Scaled Icon :  icons/icon_D@1x.png  not found
[2026-07-16_14-14-07][23540][Info] [general] Plugin preset-pilot : Scaled Icon :  icons/icon_N@1x.png  not found
[2026-07-16_14-14-07][23540][Warn] [general] Please set UserInfoController::initialize() before app initialization.
[2026-07-16_14-14-07][23540][Info] [general] analyticsTracker_ is being accessed without setting
[2026-07-16_14-14-07][23540][Info] [general] Plugin LogiPremierePro : [v4] Using Default Value for Icon species
[2026-07-16_14-14-07][23540][Warn] [general] Please set UserInfoController::initialize() before app initialization.
[2026-07-16_14-14-07][23540][Info] [general] analyticsTracker_ is being accessed without setting
[2026-07-16_14-14-07][23540][Info] [general] Plugin knights_of_the_editing_table.spell_book_premierepro : [v4] Using Default Value for Icon species
[2026-07-16_14-14-07][23540][Info] [general] Plugin knights_of_the_editing_table.spell_book_premierepro : Scaled Icon :  assets/icons/plugin-icon@1x.png  not found
[2026-07-16_14-14-07][23540][Info] [general] Plugin knights_of_the_editing_table.spell_book_premierepro : Scaled Icon :  assets/icons/plugin-icon@2x.png  not found
[2026-07-16_14-14-07][23540][Warn] [general] Please set UserInfoController::initialize() before app initialization.
[2026-07-16_14-14-07][23540][Info] [general] analyticsTracker_ is being accessed without setting
[2026-07-16_14-14-07][34604][Info] [general] analyticsTracker_ is being accessed without setting
[2026-07-16_14-14-07][23540][Warn] [general] Please set UserInfoController::initialize() before app initialization.
[2026-07-16_14-14-07][23540][Warn] [general] Please set UserInfoController::initialize() before app initialization.
[2026-07-16_14-14-07][23540][Error] [general] Plugin com.adobe.dva.export.queue : Expected a width for the plugin icon
[2026-07-16_14-14-07][23540][Warn] [general] Please set UserInfoController::initialize() before app initialization.
[2026-07-16_14-14-07][23540][Warn] [general] Please set UserInfoController::initialize() before app initialization.
[2026-07-16_14-14-07][23540][Warn] [general] Please set UserInfoController::initialize() before app initialization.
[2026-07-16_14-14-07][23540][Warn] [general] Please set UserInfoController::initialize() before app initialization.
[2026-07-16_14-14-07][23540][Warn] [general] Please set UserInfoController::initialize() before app initialization.
[2026-07-16_14-14-07][23540][Warn] [general] Please set UserInfoController::initialize() before app initialization.
[2026-07-16_14-14-07][23540][Warn] [general] Please set UserInfoController::initialize() before app initialization.
[2026-07-16_14-14-07][23540][Info] [general] Plugin com.adobe.frameio.uxp : Scaled Icon :  icons/frameio@1x.png  not found
[2026-07-16_14-14-07][23540][Info] [general] Plugin com.adobe.frameio.uxp : Scaled Icon :  icons/frameio@2x.png  not found
[2026-07-16_14-14-07][23540][Warn] [general] Plugin com.adobe.frameio.uxp : Expected the icon to have a 1X scaled file
[2026-07-16_14-14-07][23540][Info] [general] Plugin com.adobe.frameio.uxp : Scaled Icon :  icons/frameio@1x.png  not found
[2026-07-16_14-14-07][23540][Info] [general] Plugin com.adobe.frameio.uxp : Scaled Icon :  icons/frameio@2x.png  not found
[2026-07-16_14-14-07][23540][Warn] [general] Plugin com.adobe.frameio.uxp : Expected the icon to have a 1X scaled file
[2026-07-16_14-14-07][23540][Warn] [general] Please set UserInfoController::initialize() before app initialization.
[2026-07-16_14-14-07][23540][Warn] [general] Please set UserInfoController::initialize() before app initialization.
[2026-07-16_14-14-07][23540][Info] [general] Plugin com.adobe.stock.unified.content.panel : [v4] Using Default Value for Icon species
[2026-07-16_14-14-07][23540][Info] [general] Plugin com.adobe.stock.unified.content.panel : [v4] Using Default Value for Icon species
[2026-07-16_14-14-07][23540][Warn] [general] Please set UserInfoController::initialize() before app initialization.
[2026-07-16_14-14-07][23540][Warn] [general] Please set UserInfoController::initialize() before app initialization.
[2026-07-16_14-14-07][23540][Warn] [general] Please set UserInfoController::initialize() before app initialization.
[2026-07-16_14-14-07][23540][Warn] [general] Please set UserInfoController::initialize() before app initialization.
[2026-07-16_14-14-07][23540][Warn] [general] Please set UserInfoController::initialize() before app initialization.
[2026-07-16_14-14-07][23540][Warn] [general] Please set UserInfoController::initialize() before app initialization.
[2026-07-16_14-14-07][23540][Warn] [general] Please set UserInfoController::initialize() before app initialization.
[2026-07-16_14-14-07][23540][Warn] [general] Please set UserInfoController::initialize() before app initialization.
[2026-07-16_14-14-07][23540][Warn] [general] Please set UserInfoController::initialize() before app initialization.
[2026-07-16_14-14-07][23540][Warn] [general] Please set UserInfoController::initialize() before app initialization.
[2026-07-16_14-14-07][23540][Warn] [general] Please set UserInfoController::initialize() before app initialization.
[2026-07-16_14-14-07][23540][Warn] [general] Please set UserInfoController::initialize() before app initialization.
[2026-07-16_14-14-07][23540][Warn] [general] Please set UserInfoController::initialize() before app initialization.
[2026-07-16_14-14-07][23540][Warn] [general] Please set UserInfoController::initialize() before app initialization.
[2026-07-16_14-14-07][23540][Warn] [general] Please set UserInfoController::initialize() before app initialization.
[2026-07-16_14-14-07][23540][Warn] [general] Please set UserInfoController::initialize() before app initialization.
[2026-07-16_14-14-07][23540][Warn] [general] Please set UserInfoController::initialize() before app initialization.
[2026-07-16_14-14-07][23540][Warn] [general] Please set UserInfoController::initialize() before app initialization.
[2026-07-16_14-14-07][23540][Info] [general] Plugin com.adobe.substance-3d.viewer.ps : [v4] Using Default Value for Icon species
[2026-07-16_14-14-07][23540][Info] [general] Plugin com.adobe.substance-3d.viewer.ps : [v4] Using Default Value for Icon species
[2026-07-16_14-14-07][23540][Error] [general] Plugin com.adobe.substance-3d.viewer.ps : Expected 'host.app' to be premierepro
[2026-07-16_14-14-07][23540][Error] [general] Failed to parse the manifest.json file.
[2026-07-16_14-14-07][23540][Warn] [general] Please set UserInfoController::initialize() before app initialization.
[2026-07-16_14-14-07][23540][Info] [general] Plugin knights_of_the_editing_table.spell_book_premierepro : [v4] Using Default Value for Icon species
[2026-07-16_14-14-07][23540][Info] [general] Plugin knights_of_the_editing_table.spell_book_premierepro : Scaled Icon :  assets/icons/plugin-icon@1x.png  not found
[2026-07-16_14-14-07][23540][Info] [general] Plugin knights_of_the_editing_table.spell_book_premierepro : Scaled Icon :  assets/icons/plugin-icon@2x.png  not found
[2026-07-16_14-14-07][23540][Warn] [general] Please set UserInfoController::initialize() before app initialization.
[2026-07-16_14-14-07][23540][Info] [general] Plugin knights_of_the_editing_table.spell_book_PS : [v4] Using Default Value for Icon species
[2026-07-16_14-14-07][23540][Info] [general] Plugin knights_of_the_editing_table.spell_book_PS : Scaled Icon :  assets/icons/plugin-icon@1x.png  not found
[2026-07-16_14-14-07][23540][Info] [general] Plugin knights_of_the_editing_table.spell_book_PS : Scaled Icon :  assets/icons/plugin-icon@2x.png  not found
[2026-07-16_14-14-07][23540][Error] [general] Plugin knights_of_the_editing_table.spell_book_PS : Expected 'host.app' to be premierepro
[2026-07-16_14-14-07][23540][Error] [general] Failed to parse the manifest.json file.
[2026-07-16_14-14-07][23540][Info] [general] Plugin com.fayelab.opencurve : [v4] Using Default Value for Icon species
[2026-07-16_14-14-07][23540][Info] [general] Plugin com.fayelab.opencurve : Scaled Icon :  icons/icon-dark@1x.png  not found
[2026-07-16_14-14-07][23540][Info] [general] Plugin com.fayelab.opencurve : Scaled Icon :  icons/icon-dark@2x.png  not found
[2026-07-16_14-14-07][23540][Info] [general] Plugin com.fayelab.opencurve : Scaled Icon :  icons/plugin-icon-dark@1x.png  not found
[2026-07-16_14-14-07][23540][Info] [general] Plugin com.fayelab.opencurve : Scaled Icon :  icons/plugin-icon-dark@2x.png  not found
[2026-07-16_14-14-07][23540][Warn] [general] Please set UserInfoController::initialize() before app initialization.
[2026-07-16_14-14-07][23540][Info] [general] Plugin LogiPremierePro : [v4] Using Default Value for Icon species
[2026-07-16_14-14-07][23540][Warn] [general] Please set UserInfoController::initialize() before app initialization.
[2026-07-16_14-14-07][23540][Info] [general] Plugin preset-pilot : Scaled Icon :  icons/icon_D@1x.png  not found
[2026-07-16_14-14-07][23540][Info] [general] Plugin preset-pilot : Scaled Icon :  icons/icon_N@1x.png  not found
[2026-07-16_14-14-07][23540][Info] [general] Plugin preset-pilot : Scaled Icon :  icons/icon_D@1x.png  not found
[2026-07-16_14-14-07][23540][Info] [general] Plugin preset-pilot : Scaled Icon :  icons/icon_N@1x.png  not found
[2026-07-16_14-14-07][23540][Warn] [general] Please set UserInfoController::initialize() before app initialization.
[2026-07-16_14-14-07][23540][Warn] [general] Please set UserInfoController::initialize() before app initialization.
[2026-07-16_14-14-07][23540][Warn] [general] Please set UserInfoController::initialize() before app initialization.
[2026-07-16_14-14-07][23540][Info] [general] analyticsTracker_ is being accessed without setting
[2026-07-16_14-14-07][38660][Info] [general] analyticsTracker_ is being accessed without setting
[2026-07-16_14-14-07][34604][Default] [console] [FS] HTML loaded, about to load plugin.js
[2026-07-16_14-14-07][34604][Default] [console] [FS] plugin.js executing
[2026-07-16_14-14-07][34604][Default] [console] [FS] uxp loaded OK
[2026-07-16_14-14-07][34604][Default] [console] [FS] premierepro loaded OK
[2026-07-16_14-14-07][34604][Default] [console] [FS] setting up entrypoints
[2026-07-16_14-14-07][34604][Default] [console] [FS] plugin create
[2026-07-16_14-14-07][34604][Default] [console] [FS] entrypoints.setup complete
[2026-07-16_14-14-07][38660][Info] [general] analyticsTracker_ is being accessed without setting
[2026-07-16_14-14-08][34604][Default] [console] created 
[2026-07-16_14-14-08][34604][Default] [console] C:\Users\salim\AppData\Local\Logi\LogiPluginService\PluginData\PremierePro\socket_uxp.port
[2026-07-16_14-14-08][34604][Default] [console] Spell Book UXP
[2026-07-16_14-14-08][34604][Default] [console] [object Object],[object Object]
[2026-07-16_14-14-08][34604][Default] [console] 
[2026-07-16_14-14-08][34604][Default] [console] 
[2026-07-16_14-14-08][34604][Default] [console] 
[2026-07-16_14-14-08][34604][Default] [console] [object Object]
[2026-07-16_14-14-08][34604][Default] [console] ws launch server
[2026-07-16_14-14-08][38660][Default] [console] [DP] Templates are not initialized yet!
[2026-07-16_14-14-15][23540][Info] [general] analyticsTracker_ is being accessed without setting
[2026-07-16_14-14-16][34604][Default] [console] [FS] panel create — DOM ready
[2026-07-16_14-14-16][34604][Default] [console] [FS] initPanel called
[2026-07-16_14-14-16][34604][Default] [console] [FS] panel show — starting poll
[2026-07-16_14-14-16][34604][Default] [console] [FS] sequence changed:  → 03ba9a4c-6aed-4093-86fc-87ab9207f305
[2026-07-16_14-14-16][34604][Default] [console] [FS] status changed:  → outside Move playhead between keyframes (3600.00s – 3601.15s)
[2026-07-16_14-14-16][38660][Warn] [console] [DP] Failed to fetch resource at ./locale/en/ppro/curatedContent.json
[2026-07-16_14-14-16][38660][Warn] [console] [DP] Failed to fetch resource at ./locale/en/ppro/synonyms.json
[2026-07-16_14-14-16][38660][Warn] [console] [DP] Failed to fetch resource at ./locale/en/ppro/curatedContent.json
[2026-07-16_14-14-16][38660][Error] [console] [DP] AppSDK.i18n.init: 
[2026-07-16_14-14-16][38660][Warn] [console] [DP] Failed to fetch resource at ./locale/en/ppro/synonyms.json
[2026-07-16_14-14-16][38660][Warn] [console] [DP] Method not implemented.
[2026-07-16_14-14-16][38660][Warn] [console] [DP] Method not implemented.
[2026-07-16_14-14-16][38660][Error] [console] [DP] Invalid trigger name(PSAtlasTrigger) for Sensor(UnifiedPanelSensor)
[2026-07-16_14-14-16][38660][Warn] [console] [DP] AppStorage#set: Last write to LocalStorage was within 500ms. Something is calling AppSDK.storage.set too frequently.
[2026-07-16_14-14-16][38660][Error] [console] [DP] Error on getActiveDocId():  {}
[2026-07-16_14-14-17][38660][Error] [console] [DP] err name not in allowlist psEvent
[2026-07-16_14-14-17][38660][Error] [console] [DP] err name not in allowlist modalStateChanged
[2026-07-16_14-14-17][38660][Warn] [console] [DP] [DP Debug] Skipping recommendation. InFlight: false, HasItem: false
[2026-07-16_14-14-17][38660][Warn] [console] [DP] [DP Debug] Skipping recommendation. InFlight: false, HasItem: false
[2026-07-16_14-14-17][38660][Warn] [console] [DP] [DP Debug] Skipping recommendation. InFlight: false, HasItem: false
[2026-07-16_14-14-17][38660][Warn] [console] [DP] Not able to get learn plugin folder
[2026-07-16_14-14-17][38660][Warn] [console] [DP] Not able to initialize learn cache module
[2026-07-16_14-14-17][38660][Error] [console] [DP] Error: Discover_Panel surface has no containers. {"expirationDTS":"2026-07-17T21:09:11.509Z","surfaces":{"Discover_Panel":{"failedContainers":[{"gsdkEnabledContent":true,"containerId":1,"containerLabel":"Discover Panel","containerAnalyticsData":{"variationId":"21617def-cb64-4d77-a309-6bef73b3feca-0:::17da5b6a-5841-499c-81d9-4b5bb9ca0f23#3edb1997-bf0a-435c-a254-129f5aa290ac, 14e68667-b036-4890-b95b-af3b145acd7d#4ba9ecea-0971-435a-91ab-37fd2a46436a, 189b67e0-44bf-4968-8f3a-936b481d9ecd#3edb1997-bf0a-435c-a254-129f5aa290ac, d298ac49-f6c4-4c10-afb4-bf044f34d539#4ba9ecea-0971-435a-91ab-37fd2a46436a::::::f8f359d2-c1ae-40f7-9e06-66366ba7174a","actionBlockId":"f8f359d2-c1ae-40f7-9e06-66366ba7174a","campaignId":"02b682d0-a6b1-4df8-8722-a63c771198d0#3edb1997-bf0a-435c-a254-129f5aa290ac:::","containerStatus":"ready-Discover Panel"},"gsdkStatus":"ready","gsdkContent":{"campaignState":"NoTargetingCampaign","consumer":{"code":"PPRO","id":82,"language":"en-US","name":"Premiere Pro","version":"26.3.0.93"},"container":{"lastUpdated":"2026-02-06T22:42:53.130Z","name":"Discover Panel"},"id":10824,"monitoringData":{"exp.action_block_id":"f8f359d2-c1ae-40f7-9e06-66366ba7174a","exp.campaign_id":"02b682d0-a6b1-4df8-8722-a63c771198d0#3edb1997-bf0a-435c-a254-129f5aa290ac:::","exp.experience_id":"02b682d0-a6b1-4df8-8722-a63c771198d0#3edb1997-bf0a-435c-a254-129f5aa290ac","exp.request_guid":"c1308954-1142-41c0-adc8-35caf3c49c68","exp.response_guid":"4519ac40-f8fe-4549-bac8-3af48f1b0e2c","exp.surface_id":"4519ac40-f8fe-4549-bac8-3af48f1b0e2c","exp.variation_id":"21617def-cb64-4d77-a309-6bef73b3feca-0:::17da5b6a-5841-499c-81d9-4b5bb9ca0f23#3edb1997-bf0a-435c-a254-129f5aa290ac, 14e68667-b036-4890-b95b-af3b145acd7d#4ba9ecea-0971-435a-91ab-37fd2a46436a, 189b67e0-44bf-4968-8f3a-936b481d9ecd#3edb1997-bf0a-435c-a254-129f5aa290ac, d298ac49-f6c4-4c10-afb4-bf044f34d539#4ba9ecea-0971-435a-91ab-37fd2a46436a::::::f8f359d2-c1ae-40f7-9e06-66366ba7174a"},"proposition":{"id":"4519ac40-f8fe-4549-bac8-3af48f1b0e2c","items":[{"data":{"content":{"dp_ccn":"No Content","dp_core":"No Content","dp_dynamic_template":"No Content","dp_learn":"No Content","dp_tool_tech":"No Content","hs_3_1_inapp_tutorial":"https://utut-service.adobe.com/api/ututs?api_key=UtutSophiaCampaign1&metadata.platforms[]=in-app&status=live&metadata.application.sap_code=PPRO&locale=en_US&aem_id=premiere-pro/how-to/in-app/040-save-time-with-different-preview-options-in-premiere-pro&aem_id=premiere-pro/how-to/in-app/try-generative-extend&aem_id=premiere-pro/how-to/in-app/animation-basics&aem_id=premiere-pro/how-to/in-app/create-rough-cut-text-based-edit&aem_id=premiere-pro/how-to/in-app/036-make-beauty-spots-sparkle&aem_id=premiere-pro/how-to/in-app/cut-to-the-beat&aem_id=premiere-pro/how-to/in-app/020-add-speed-ramping&aem_id=premiere-pro/how-to/in-app/032-make-food-colors-pop","hs_3_1_user_intent_dialog":"No Content","hs_3_1_web_tutorial":"https://utut-service.adobe.com/api/recommendation/tutorial/123?metadata.application.sap_code=PPRO&locale=en_US&metadata.platforms=helpx&api_key=EngagementStream1&max_tutorials=15","hs_4_0_profile_base":"No Content","hs_4_0_toast":"No Content","hs_4_0_touts":"https://odin.adobe.com/content/dam/ccfirstmile/PPRO/en_US/ExperienceHomeMX24/pr-2026-04-firefly-cousage-experience-Phase1.cfm.gql.json","hs_4_0_view_plans":"No Content","hs_4_0_whats_new":"https://odin.adobe.com/content/dam/ccfirstmile/PPRO/en_US/componentWhatsNewToastal/Pr-GA-Apr-26-Multicard-WN-3553.cfm.gql.json","lcm_learn":"No Content","pes_atlas":"No Content","pes_browse_learn":"No Content","pes_features":"No Content","pes_whats_new":"No Content"}},"id":"f8f359d2-c1ae-40f7-9e06-66366ba7174a","schema":"https://ns.adobe.com/personalization/json-content-item"}],"scope":"adbpr://desktop","scopeDetails":{"activity":{"id":"02b682d0-a6b1-4df8-8722-a63c771198d0#3edb1997-bf0a-435c-a254-129f5aa290ac","matchedSurfaces":["adbpr://desktop/"],"priority":45},"characteristics":{"eventToken":"eyJtZXNzYWdlRXhlY3V0aW9uIjp7Im1lc3NhZ2VFeGVjdXRpb25JRCI6IlVFOkluYm91bmQiLCJtZXNzYWdlSUQiOiI1ZTllYzk4Yi1lMDk2LTQ5NGMtYTIwOS01ZGRhZjUxNzc4NGYiLCJtZXNzYWdlUHVibGljYXRpb25JRCI6IjIxNjE3ZGVmLWNiNjQtNGQ3Ny1hMzA5LTZiZWY3M2IzZmVjYSIsIm1lc3NhZ2VUeXBlIjoibWFya2V0aW5nIiwiY2FtcGFpZ25JRCI6IjAyYjY4MmQwLWE2YjEtNGRmOC04NzIyLWE2M2M3NzExOThkMCIsImNhbXBhaWduVmVyc2lvbklEIjoiYTRhM2E0NGUtODQyNy00OWViLTg4NjUtYzc2OGE1NGM3OGU1IiwiY2FtcGFpZ25BY3Rpb25JRCI6IjNlZGIxOTk3LWJmMGEtNDM1Yy1hMjU0LTEyOWY1YWEyOTBhYyJ9LCJtZXNzYWdlUHJvZmlsZSI6eyJtZXNzYWdlUHJvZmlsZUlEIjoiOWU3ODJkMzMtMTZmNS00ZGFkLWFkOTEtNjgwNzc4NDNmYjhkIiwiY2hhbm5lbCI6eyJfaWQiOiJodHRwczovL25zLmFkb2JlLmNvbS94ZG0vY2hhbm5lbHMvY29kZSIsIl90eXBlIjoiaHR0cHM6Ly9ucy5hZG9iZS5jb20veGRtL2NoYW5uZWwtdHlwZXMvY29kZSJ9fX0=","subPropositions":"W3siaWQiOiIyYzdlMjJiYS02ODJkLTQyZGYtODRmNy0yYWU4YjRlNWYxY2MiLCJzY29wZSI6ImFkYnByOi8vZGVza3RvcCIsInNjb3BlRGV0YWlscyI6eyJkZWNpc2lvblByb3ZpZGVyIjoiRVhEIiwiY29ycmVsYXRpb25JRCI6IjIxNjE3ZGVmLWNiNjQtNGQ3Ny1hMzA5LTZiZWY3M2IzZmVjYS0wIiwic3RyYXRlZ2llcyI6W3sic3RyYXRlZ3lJRCI6IjQ5ODVjNWFkLTI4OGUtNDlmYS1hMDc2LTNmOTM2ZGY4YmQ1NyIsInN0ZXAiOiJkZWNpc2lvblBvbGljeSJ9LHsic3RyYXRlZ3lJRCI6ImFkYnByOi8vZGVza3RvcCIsInN0ZXAiOiJwbGFjZW1lbnQifV0sInJhbmsiOjUsImFjdGl2aXR5Ijp7ImlkIjoiMDJiNjgyZDAtYTZiMS00ZGY4LTg3MjItYTYzYzc3MTE5OGQwIzNlZGIxOTk3LWJmMGEtNDM1Yy1hMjU0LTEyOWY1YWEyOTBhYyIsInByaW9yaXR5Ijo0NSwibWF0Y2hlZFN1cmZhY2VzIjpbImFkYnByOi8vZGVza3RvcC8iXX19LCJpdGVtcyI6W3siaWQiOiJkcHM6MzJiZmZmZmRmNmM0ZTA0NjgxMDBkMTJhOTgxZWVlNDAxYzViNWEzZjk3YjdjYmZkOjFjNzc3OWNmYTNlNGI3MzgiLCJldGFnIjoiNiIsIm5hbWUiOiJbT0ZSXSBQckRfRkZfQ291c2FnZV9QaGFzZTFfRU4iLCJpdGVtU2VsZWN0aW9uIjp7InNlbGVjdGlvbkRldGFpbCI6eyJzZWxlY3Rpb25UeXBlIjoibWFudWFsIiwidmVyc2lvbiI6ImxhdGVzdCJ9fSwidG9rZW4iOiJqcFFIRTVwN0FTbGZBMFI5eDVmUzNnIn1dfV0="},"correlationID":"21617def-cb64-4d77-a309-6bef73b3feca-0","decisionProvider":"AJO","rank":5,"strategies":[{"step":"passthroughActions","strategyID":"17da5b6a-5841-499c-81d9-4b5bb9ca0f23#3edb1997-bf0a-435c-a254-129f5aa290ac, 14e68667-b036-4890-b95b-af3b145acd7d#4ba9ecea-0971-435a-91ab-37fd2a46436a, 189b67e0-44bf-4968-8f3a-936b481d9ecd#3edb1997-bf0a-435c-a254-129f5aa290ac, d298ac49-f6c4-4c10-afb4-bf044f34d539#4ba9ecea-0971-435a-91ab-37fd2a46436a"}]}},"refreshTimestamp":"2026-07-15T21:08:41.250Z","rootAssetMetadata":[{"contentType":"application/octet-stream","dependencies":[],"fileExtension":"","filename":"","id":20264,"isPersonalized":false,"refreshTimestamp":"2026-07-15T21:08:41.264Z","url":"No Content"}],"sortOrder":1,"source":"surface","status":"ready","tags":["Discover_Panel"],"xdm":{"_adobe_corpnew":{"app":{"installedApplications":[{"id":"PPRO","language":"en-US","majorVersion":26,"minorVersion":3,"name":"Premiere Pro","patchVersion":0,"version":"26.3.0.93"}],"language":"en-US"}},"application":{"id":"CCXP","name":"CCX Process","version":"7.8.0.2"},"device":{"platform":"winx86_64","type":"desktop"},"environment":{"_dc":{"language":"en-US"},"browserDetails":{"userAgentClientHints":{"platform":"winx86_64"}},"operatingSystem":"Windows","operatingSystemVersion":"10.0.26200"},"eventType":"personalization.request"}},"errorMessage":"NoTargetingCampaign","errorCode":30002},{"gsdkEnabledContent":true,"containerId":2,"containerLabel":"Four Habits","containerAnalyticsData":{"variationId":"21617def-cb64-4d77-a309-6bef73b3feca-0:::17da5b6a-5841-499c-81d9-4b5bb9ca0f23#3edb1997-bf0a-435c-a254-129f5aa290ac, 14e68667-b036-4890-b95b-af3b145acd7d#4ba9ecea-0971-435a-91ab-37fd2a46436a, 189b67e0-44bf-4968-8f3a-936b481d9ecd#3edb1997-bf0a-435c-a254-129f5aa290ac, d298ac49-f6c4-4c10-afb4-bf044f34d539#4ba9ecea-0971-435a-91ab-37fd2a46436a::::::f8f359d2-c1ae-40f7-9e06-66366ba7174a","actionBlockId":"f8f359d2-c1ae-40f7-9e06-66366ba7174a","campaignId":"02b682d0-a6b1-4df8-8722-a63c771198d0#3edb1997-bf0a-435c-a254-129f5aa290ac:::","containerStatus":"ready-Four Habits"},"gsdkStatus":"ready","gsdkContent":{"campaignState":"NoTargetingCampaign","consumer":{"code":"PPRO","id":82,"language":"en-US","name":"Premiere Pro","version":"26.3.0.93"},"container":{"lastUpdated":"2026-02-06T22:42:53.130Z","name":"Four Habits"},"id":10827,"monitoringData":{"exp.action_block_id":"f8f359d2-c1ae-40f7-9e06-66366ba7174a","exp.campaign_id":"02b682d0-a6b1-4df8-8722-a63c771198d0#3edb1997-bf0a-435c-a254-129f5aa290ac:::","exp.experience_id":"02b682d0-a6b1-4df8-8722-a63c771198d0#3edb1997-bf0a-435c-a254-129f5aa290ac","exp.request_guid":"c1308954-1142-41c0-adc8-35caf3c49c68","exp.response_guid":"4519ac40-f8fe-4549-bac8-3af48f1b0e2c","exp.surface_id":"4519ac40-f8fe-4549-bac8-3af48f1b0e2c","exp.variation_id":"21617def-cb64-4d77-a309-6bef73b3feca-0:::17da5b6a-5841-499c-81d9-4b5bb9ca0f23#3edb1997-bf0a-435c-a254-129f5aa290ac, 14e68667-b036-4890-b95b-af3b145acd7d#4ba9ecea-0971-435a-91ab-37fd2a46436a, 189b67e0-44bf-4968-8f3a-936b481d9ecd#3edb1997-bf0a-435c-a254-129f5aa290ac, d298ac49-f6c4-4c10-afb4-bf044f34d539#4ba9ecea-0971-435a-91ab-37fd2a46436a::::::f8f359d2-c1ae-40f7-9e06-66366ba7174a"},"proposition":{"id":"4519ac40-f8fe-4549-bac8-3af48f1b0e2c","items":[{"data":{"content":{"dp_ccn":"No Content","dp_core":"No Content","dp_dynamic_template":"No Content","dp_learn":"No Content","dp_tool_tech":"No Content","hs_3_1_inapp_tutorial":"https://utut-service.adobe.com/api/ututs?api_key=UtutSophiaCampaign1&metadata.platforms[]=in-app&status=live&metadata.application.sap_code=PPRO&locale=en_US&aem_id=premiere-pro/how-to/in-app/040-save-time-with-different-preview-options-in-premiere-pro&aem_id=premiere-pro/how-to/in-app/try-generative-extend&aem_id=premiere-pro/how-to/in-app/animation-basics&aem_id=premiere-pro/how-to/in-app/create-rough-cut-text-based-edit&aem_id=premiere-pro/how-to/in-app/036-make-beauty-spots-sparkle&aem_id=premiere-pro/how-to/in-app/cut-to-the-beat&aem_id=premiere-pro/how-to/in-app/020-add-speed-ramping&aem_id=premiere-pro/how-to/in-app/032-make-food-colors-pop","hs_3_1_user_intent_dialog":"No Content","hs_3_1_web_tutorial":"https://utut-service.adobe.com/api/recommendation/tutorial/123?metadata.application.sap_code=PPRO&locale=en_US&metadata.platforms=helpx&api_key=EngagementStream1&max_tutorials=15","hs_4_0_profile_base":"No Content","hs_4_0_toast":"No Content","hs_4_0_touts":"https://odin.adobe.com/content/dam/ccfirstmile/PPRO/en_US/ExperienceHomeMX24/pr-2026-04-firefly-cousage-experience-Phase1.cfm.gql.json","hs_4_0_view_plans":"No Content","hs_4_0_whats_new":"https://odin.adobe.com/content/dam/ccfirstmile/PPRO/en_US/componentWhatsNewToastal/Pr-GA-Apr-26-Multicard-WN-3553.cfm.gql.json","lcm_learn":"No Content","pes_atlas":"No Content","pes_browse_learn":"No Content","pes_features":"No Content","pes_whats_new":"No Content"}},"id":"f8f359d2-c1ae-40f7-9e06-66366ba7174a","schema":"https://ns.adobe.com/personalization/json-content-item"}],"scope":"adbpr://desktop","scopeDetails":{"activity":{"id":"02b682d0-a6b1-4df8-8722-a63c771198d0#3edb1997-bf0a-435c-a254-129f5aa290ac","matchedSurfaces":["adbpr://desktop/"],"priority":45},"characteristics":{"eventToken":"eyJtZXNzYWdlRXhlY3V0aW9uIjp7Im1lc3NhZ2VFeGVjdXRpb25JRCI6IlVFOkluYm91bmQiLCJtZXNzYWdlSUQiOiI1ZTllYzk4Yi1lMDk2LTQ5NGMtYTIwOS01ZGRhZjUxNzc4NGYiLCJtZXNzYWdlUHVibGljYXRpb25JRCI6IjIxNjE3ZGVmLWNiNjQtNGQ3Ny1hMzA5LTZiZWY3M2IzZmVjYSIsIm1lc3NhZ2VUeXBlIjoibWFya2V0aW5nIiwiY2FtcGFpZ25JRCI6IjAyYjY4MmQwLWE2YjEtNGRmOC04NzIyLWE2M2M3NzExOThkMCIsImNhbXBhaWduVmVyc2lvbklEIjoiYTRhM2E0NGUtODQyNy00OWViLTg4NjUtYzc2OGE1NGM3OGU1IiwiY2FtcGFpZ25BY3Rpb25JRCI6IjNlZGIxOTk3LWJmMGEtNDM1Yy1hMjU0LTEyOWY1YWEyOTBhYyJ9LCJtZXNzYWdlUHJvZmlsZSI6eyJtZXNzYWdlUHJvZmlsZUlEIjoiOWU3ODJkMzMtMTZmNS00ZGFkLWFkOTEtNjgwNzc4NDNmYjhkIiwiY2hhbm5lbCI6eyJfaWQiOiJodHRwczovL25zLmFkb2JlLmNvbS94ZG0vY2hhbm5lbHMvY29kZSIsIl90eXBlIjoiaHR0cHM6Ly9ucy5hZG9iZS5jb20veGRtL2NoYW5uZWwtdHlwZXMvY29kZSJ9fX0=","subPropositions":"W3siaWQiOiIyYzdlMjJiYS02ODJkLTQyZGYtODRmNy0yYWU4YjRlNWYxY2MiLCJzY29wZSI6ImFkYnByOi8vZGVza3RvcCIsInNjb3BlRGV0YWlscyI6eyJkZWNpc2lvblByb3ZpZGVyIjoiRVhEIiwiY29ycmVsYXRpb25JRCI6IjIxNjE3ZGVmLWNiNjQtNGQ3Ny1hMzA5LTZiZWY3M2IzZmVjYS0wIiwic3RyYXRlZ2llcyI6W3sic3RyYXRlZ3lJRCI6IjQ5ODVjNWFkLTI4OGUtNDlmYS1hMDc2LTNmOTM2ZGY4YmQ1NyIsInN0ZXAiOiJkZWNpc2lvblBvbGljeSJ9LHsic3RyYXRlZ3lJRCI6ImFkYnByOi8vZGVza3RvcCIsInN0ZXAiOiJwbGFjZW1lbnQifV0sInJhbmsiOjUsImFjdGl2aXR5Ijp7ImlkIjoiMDJiNjgyZDAtYTZiMS00ZGY4LTg3MjItYTYzYzc3MTE5OGQwIzNlZGIxOTk3LWJmMGEtNDM1Yy1hMjU0LTEyOWY1YWEyOTBhYyIsInByaW9yaXR5Ijo0NSwibWF0Y2hlZFN1cmZhY2VzIjpbImFkYnByOi8vZGVza3RvcC8iXX19LCJpdGVtcyI6W3siaWQiOiJkcHM6MzJiZmZmZmRmNmM0ZTA0NjgxMDBkMTJhOTgxZWVlNDAxYzViNWEzZjk3YjdjYmZkOjFjNzc3OWNmYTNlNGI3MzgiLCJldGFnIjoiNiIsIm5hbWUiOiJbT0ZSXSBQckRfRkZfQ291c2FnZV9QaGFzZTFfRU4iLCJpdGVtU2VsZWN0aW9uIjp7InNlbGVjdGlvbkRldGFpbCI6eyJzZWxlY3Rpb25UeXBlIjoibWFudWFsIiwidmVyc2lvbiI6ImxhdGVzdCJ9fSwidG9rZW4iOiJqcFFIRTVwN0FTbGZBMFI5eDVmUzNnIn1dfV0="},"correlationID":"21617def-cb64-4d77-a309-6bef73b3feca-0","decisionProvider":"AJO","rank":5,"strategies":[{"step":"passthroughActions","strategyID":"17da5b6a-5841-499c-81d9-4b5bb9ca0f23#3edb1997-bf0a-435c-a254-129f5aa290ac, 14e68667-b036-4890-b95b-af3b145acd7d#4ba9ecea-0971-435a-91ab-37fd2a46436a, 189b67e0-44bf-4968-8f3a-936b481d9ecd#3edb1997-bf0a-435c-a254-129f5aa290ac, d298ac49-f6c4-4c10-afb4-bf044f34d539#4ba9ecea-0971-435a-91ab-37fd2a46436a"}]}},"refreshTimestamp":"2026-07-15T21:08:41.250Z","rootAssetMetadata":[{"contentType":"application/octet-stream","dependencies":[],"fileExtension":"","filename":"","id":20267,"isPersonalized":false,"refreshTimestamp":"2026-07-15T21:08:41.264Z","url":"No Content"}],"sortOrder":2,"source":"surface","status":"ready","tags":["Discover_Panel"],"xdm":{"_adobe_corpnew":{"app":{"installedApplications":[{"id":"PPRO","language":"en-US","majorVersion":26,"minorVersion":3,"name":"Premiere Pro","patchVersion":0,"version":"26.3.0.93"}],"language":"en-US"}},"application":{"id":"CCXP","name":"CCX Process","version":"7.8.0.2"},"device":{"platform":"winx86_64","type":"desktop"},"environment":{"_dc":{"language":"en-US"},"browserDetails":{"userAgentClientHints":{"platform":"winx86_64"}},"operatingSystem":"Windows","operatingSystemVersion":"10.0.26200"},"eventType":"personalization.request"}},"errorMessage":"NoTargetingCampaign","errorCode":30002}],"surfaceAnalyticsData":{"surfaceId":"Discover_Panel"}},"DP_Tool_Techniques_v1":{"failedContainers":[{"gsdkEnabledContent":true,"containerId":1,"containerLabel":"DP Tool Techniques v1","containerAnalyticsData":{"variationId":"21617def-cb64-4d77-a309-6bef73b3feca-0:::17da5b6a-5841-499c-81d9-4b5bb9ca0f23#3edb1997-bf0a-435c-a254-129f5aa290ac, 14e68667-b036-4890-b95b-af3b145acd7d#4ba9ecea-0971-435a-91ab-37fd2a46436a, 189b67e0-44bf-4968-8f3a-936b481d9ecd#3edb1997-bf0a-435c-a254-129f5aa290ac, d298ac49-f6c4-4c10-afb4-bf044f34d539#4ba9ecea-0971-435a-91ab-37fd2a46436a::::::f8f359d2-c1ae-40f7-9e06-66366ba7174a","actionBlockId":"f8f359d2-c1ae-40f7-9e06-66366ba7174a","campaignId":"02b682d0-a6b1-4df8-8722-a63c771198d0#3edb1997-bf0a-435c-a254-129f5aa290ac:::","containerStatus":"ready-DP Tool Techniques v1"},"gsdkStatus":"ready","gsdkContent":{"campaignState":"NoTargetingCampaign","consumer":{"code":"PPRO","id":82,"language":"en-US","name":"Premiere Pro","version":"26.3.0.93"},"container":{"lastUpdated":"2026-02-06T22:42:53.130Z","name":"DP Tool Techniques v1"},"id":10820,"monitoringData":{"exp.action_block_id":"f8f359d2-c1ae-40f7-9e06-66366ba7174a","exp.campaign_id":"02b682d0-a6b1-4df8-8722-a63c771198d0#3edb1997-bf0a-435c-a254-129f5aa290ac:::","exp.experience_id":"02b682d0-a6b1-4df8-8722-a63c771198d0#3edb1997-bf0a-435c-a254-129f5aa290ac","exp.request_guid":"c1308954-1142-41c0-adc8-35caf3c49c68","exp.response_guid":"4519ac40-f8fe-4549-bac8-3af48f1b0e2c","exp.surface_id":"4519ac40-f8fe-4549-bac8-3af48f1b0e2c","exp.variation_id":"21617def-cb64-4d77-a309-6bef73b3feca-0:::17da5b6a-5841-499c-81d9-4b5bb9ca0f23#3edb1997-bf0a-435c-a254-129f5aa290ac, 14e68667-b036-4890-b95b-af3b145acd7d#4ba9ecea-0971-435a-91ab-37fd2a46436a, 189b67e0-44bf-4968-8f3a-936b481d9ecd#3edb1997-bf0a-435c-a254-129f5aa290ac, d298ac49-f6c4-4c10-afb4-bf044f34d539#4ba9ecea-0971-435a-91ab-37fd2a46436a::::::f8f359d2-c1ae-40f7-9e06-66366ba7174a"},"proposition":{"id":"4519ac40-f8fe-4549-bac8-3af48f1b0e2c","items":[{"data":{"content":{"dp_ccn":"No Content","dp_core":"No Content","dp_dynamic_template":"No Content","dp_learn":"No Content","dp_tool_tech":"No Content","hs_3_1_inapp_tutorial":"https://utut-service.adobe.com/api/ututs?api_key=UtutSophiaCampaign1&metadata.platforms[]=in-app&status=live&metadata.application.sap_code=PPRO&locale=en_US&aem_id=premiere-pro/how-to/in-app/040-save-time-with-different-preview-options-in-premiere-pro&aem_id=premiere-pro/how-to/in-app/try-generative-extend&aem_id=premiere-pro/how-to/in-app/animation-basics&aem_id=premiere-pro/how-to/in-app/create-rough-cut-text-based-edit&aem_id=premiere-pro/how-to/in-app/036-make-beauty-spots-sparkle&aem_id=premiere-pro/how-to/in-app/cut-to-the-beat&aem_id=premiere-pro/how-to/in-app/020-add-speed-ramping&aem_id=premiere-pro/how-to/in-app/032-make-food-colors-pop","hs_3_1_user_intent_dialog":"No Content","hs_3_1_web_tutorial":"https://utut-service.adobe.com/api/recommendation/tutorial/123?metadata.application.sap_code=PPRO&locale=en_US&metadata.platforms=helpx&api_key=EngagementStream1&max_tutorials=15","hs_4_0_profile_base":"No Content","hs_4_0_toast":"No Content","hs_4_0_touts":"https://odin.adobe.com/content/dam/ccfirstmile/PPRO/en_US/ExperienceHomeMX24/pr-2026-04-firefly-cousage-experience-Phase1.cfm.gql.json","hs_4_0_view_plans":"No Content","hs_4_0_whats_new":"https://odin.adobe.com/content/dam/ccfirstmile/PPRO/en_US/componentWhatsNewToastal/Pr-GA-Apr-26-Multicard-WN-3553.cfm.gql.json","lcm_learn":"No Content","pes_atlas":"No Content","pes_browse_learn":"No Content","pes_features":"No Content","pes_whats_new":"No Content"}},"id":"f8f359d2-c1ae-40f7-9e06-66366ba7174a","schema":"https://ns.adobe.com/personalization/json-content-item"}],"scope":"adbpr://desktop","scopeDetails":{"activity":{"id":"02b682d0-a6b1-4df8-8722-a63c771198d0#3edb1997-bf0a-435c-a254-129f5aa290ac","matchedSurfaces":["adbpr://desktop/"],"priority":45},"characteristics":{"eventToken":"eyJtZXNzYWdlRXhlY3V0aW9uIjp7Im1lc3NhZ2VFeGVjdXRpb25JRCI6IlVFOkluYm91bmQiLCJtZXNzYWdlSUQiOiI1ZTllYzk4Yi1lMDk2LTQ5NGMtYTIwOS01ZGRhZjUxNzc4NGYiLCJtZXNzYWdlUHVibGljYXRpb25JRCI6IjIxNjE3ZGVmLWNiNjQtNGQ3Ny1hMzA5LTZiZWY3M2IzZmVjYSIsIm1lc3NhZ2VUeXBlIjoibWFya2V0aW5nIiwiY2FtcGFpZ25JRCI6IjAyYjY4MmQwLWE2YjEtNGRmOC04NzIyLWE2M2M3NzExOThkMCIsImNhbXBhaWduVmVyc2lvbklEIjoiYTRhM2E0NGUtODQyNy00OWViLTg4NjUtYzc2OGE1NGM3OGU1IiwiY2FtcGFpZ25BY3Rpb25JRCI6IjNlZGIxOTk3LWJmMGEtNDM1Yy1hMjU0LTEyOWY1YWEyOTBhYyJ9LCJtZXNzYWdlUHJvZmlsZSI6eyJtZXNzYWdlUHJvZmlsZUlEIjoiOWU3ODJkMzMtMTZmNS00ZGFkLWFkOTEtNjgwNzc4NDNmYjhkIiwiY2hhbm5lbCI6eyJfaWQiOiJodHRwczovL25zLmFkb2JlLmNvbS94ZG0vY2hhbm5lbHMvY29kZSIsIl90eXBlIjoiaHR0cHM6Ly9ucy5hZG9iZS5jb20veGRtL2NoYW5uZWwtdHlwZXMvY29kZSJ9fX0=","subPropositions":"W3siaWQiOiIyYzdlMjJiYS02ODJkLTQyZGYtODRmNy0yYWU4YjRlNWYxY2MiLCJzY29wZSI6ImFkYnByOi8vZGVza3RvcCIsInNjb3BlRGV0YWlscyI6eyJkZWNpc2lvblByb3ZpZGVyIjoiRVhEIiwiY29ycmVsYXRpb25JRCI6IjIxNjE3ZGVmLWNiNjQtNGQ3Ny1hMzA5LTZiZWY3M2IzZmVjYS0wIiwic3RyYXRlZ2llcyI6W3sic3RyYXRlZ3lJRCI6IjQ5ODVjNWFkLTI4OGUtNDlmYS1hMDc2LTNmOTM2ZGY4YmQ1NyIsInN0ZXAiOiJkZWNpc2lvblBvbGljeSJ9LHsic3RyYXRlZ3lJRCI6ImFkYnByOi8vZGVza3RvcCIsInN0ZXAiOiJwbGFjZW1lbnQifV0sInJhbmsiOjUsImFjdGl2aXR5Ijp7ImlkIjoiMDJiNjgyZDAtYTZiMS00ZGY4LTg3MjItYTYzYzc3MTE5OGQwIzNlZGIxOTk3LWJmMGEtNDM1Yy1hMjU0LTEyOWY1YWEyOTBhYyIsInByaW9yaXR5Ijo0NSwibWF0Y2hlZFN1cmZhY2VzIjpbImFkYnByOi8vZGVza3RvcC8iXX19LCJpdGVtcyI6W3siaWQiOiJkcHM6MzJiZmZmZmRmNmM0ZTA0NjgxMDBkMTJhOTgxZWVlNDAxYzViNWEzZjk3YjdjYmZkOjFjNzc3OWNmYTNlNGI3MzgiLCJldGFnIjoiNiIsIm5hbWUiOiJbT0ZSXSBQckRfRkZfQ291c2FnZV9QaGFzZTFfRU4iLCJpdGVtU2VsZWN0aW9uIjp7InNlbGVjdGlvbkRldGFpbCI6eyJzZWxlY3Rpb25UeXBlIjoibWFudWFsIiwidmVyc2lvbiI6ImxhdGVzdCJ9fSwidG9rZW4iOiJqcFFIRTVwN0FTbGZBMFI5eDVmUzNnIn1dfV0="},"correlationID":"21617def-cb64-4d77-a309-6bef73b3feca-0","decisionProvider":"AJO","rank":5,"strategies":[{"step":"passthroughActions","strategyID":"17da5b6a-5841-499c-81d9-4b5bb9ca0f23#3edb1997-bf0a-435c-a254-129f5aa290ac, 14e68667-b036-4890-b95b-af3b145acd7d#4ba9ecea-0971-435a-91ab-37fd2a46436a, 189b67e0-44bf-4968-8f3a-936b481d9ecd#3edb1997-bf0a-435c-a254-129f5aa290ac, d298ac49-f6c4-4c10-afb4-bf044f34d539#4ba9ecea-0971-435a-91ab-37fd2a46436a"}]}},"refreshTimestamp":"2026-07-15T21:08:41.250Z","rootAssetMetadata":[{"contentType":"application/octet-stream","dependencies":[],"fileExtension":"","filename":"","id":20260,"isPersonalized":false,"refreshTimestamp":"2026-07-15T21:08:41.264Z","url":"No Content"}],"sortOrder":1,"source":"surface","status":"ready","tags":["DP_Tool_Techniques_v1"],"xdm":{"_adobe_corpnew":{"app":{"installedApplications":[{"id":"PPRO","language":"en-US","majorVersion":26,"minorVersion":3,"name":"Premiere Pro","patchVersion":0,"version":"26.3.0.93"}],"language":"en-US"}},"application":{"id":"CCXP","name":"CCX Process","version":"7.8.0.2"},"device":{"platform":"winx86_64","type":"desktop"},"environment":{"_dc":{"language":"en-US"},"browserDetails":{"userAgentClientHints":{"platform":"winx86_64"}},"operatingSystem":"Windows","operatingSystemVersion":"10.0.26200"},"eventType":"personalization.request"}},"errorMessage":"NoTargetingCampaign","errorCode":30002}],"surfaceAnalyticsData":{"surfaceId":"DP_Tool_Techniques_v1"}},"in_app_contextual_notifications":{"failedContainers":[{"gsdkEnabledContent":true,"containerId":1,"containerLabel":"In-App Contextual Notifications","containerAnalyticsData":{"variationId":"21617def-cb64-4d77-a309-6bef73b3feca-0:::17da5b6a-5841-499c-81d9-4b5bb9ca0f23#3edb1997-bf0a-435c-a254-129f5aa290ac, 14e68667-b036-4890-b95b-af3b145acd7d#4ba9ecea-0971-435a-91ab-37fd2a46436a, 189b67e0-44bf-4968-8f3a-936b481d9ecd#3edb1997-bf0a-435c-a254-129f5aa290ac, d298ac49-f6c4-4c10-afb4-bf044f34d539#4ba9ecea-0971-435a-91ab-37fd2a46436a::::::f8f359d2-c1ae-40f7-9e06-66366ba7174a","actionBlockId":"f8f359d2-c1ae-40f7-9e06-66366ba7174a","campaignId":"02b682d0-a6b1-4df8-8722-a63c771198d0#3edb1997-bf0a-435c-a254-129f5aa290ac:::","containerStatus":"ready-In-App Contextual Notifications"},"gsdkStatus":"ready","gsdkContent":{"campaignState":"NoTargetingCampaign","consumer":{"code":"PPRO","id":82,"language":"en-US","name":"Premiere Pro","version":"26.3.0.93"},"container":{"lastUpdated":"2026-02-06T22:42:53.130Z","name":"In-App Contextual Notifications"},"id":10819,"monitoringData":{"exp.action_block_id":"f8f359d2-c1ae-40f7-9e06-66366ba7174a","exp.campaign_id":"02b682d0-a6b1-4df8-8722-a63c771198d0#3edb1997-bf0a-435c-a254-129f5aa290ac:::","exp.experience_id":"02b682d0-a6b1-4df8-8722-a63c771198d0#3edb1997-bf0a-435c-a254-129f5aa290ac","exp.request_guid":"c1308954-1142-41c0-adc8-35caf3c49c68","exp.response_guid":"4519ac40-f8fe-4549-bac8-3af48f1b0e2c","exp.surface_id":"4519ac40-f8fe-4549-bac8-3af48f1b0e2c","exp.variation_id":"21617def-cb64-4d77-a309-6bef73b3feca-0:::17da5b6a-5841-499c-81d9-4b5bb9ca0f23#3edb1997-bf0a-435c-a254-129f5aa290ac, 14e68667-b036-4890-b95b-af3b145acd7d#4ba9ecea-0971-435a-91ab-37fd2a46436a, 189b67e0-44bf-4968-8f3a-936b481d9ecd#3edb1997-bf0a-435c-a254-129f5aa290ac, d298ac49-f6c4-4c10-afb4-bf044f34d539#4ba9ecea-0971-435a-91ab-37fd2a46436a::::::f8f359d2-c1ae-40f7-9e06-66366ba7174a"},"proposition":{"id":"4519ac40-f8fe-4549-bac8-3af48f1b0e2c","items":[{"data":{"content":{"dp_ccn":"No Content","dp_core":"No Content","dp_dynamic_template":"No Content","dp_learn":"No Content","dp_tool_tech":"No Content","hs_3_1_inapp_tutorial":"https://utut-service.adobe.com/api/ututs?api_key=UtutSophiaCampaign1&metadata.platforms[]=in-app&status=live&metadata.application.sap_code=PPRO&locale=en_US&aem_id=premiere-pro/how-to/in-app/040-save-time-with-different-preview-options-in-premiere-pro&aem_id=premiere-pro/how-to/in-app/try-generative-extend&aem_id=premiere-pro/how-to/in-app/animation-basics&aem_id=premiere-pro/how-to/in-app/create-rough-cut-text-based-edit&aem_id=premiere-pro/how-to/in-app/036-make-beauty-spots-sparkle&aem_id=premiere-pro/how-to/in-app/cut-to-the-beat&aem_id=premiere-pro/how-to/in-app/020-add-speed-ramping&aem_id=premiere-pro/how-to/in-app/032-make-food-colors-pop","hs_3_1_user_intent_dialog":"No Content","hs_3_1_web_tutorial":"https://utut-service.adobe.com/api/recommendation/tutorial/123?metadata.application.sap_code=PPRO&locale=en_US&metadata.platforms=helpx&api_key=EngagementStream1&max_tutorials=15","hs_4_0_profile_base":"No Content","hs_4_0_toast":"No Content","hs_4_0_touts":"https://odin.adobe.com/content/dam/ccfirstmile/PPRO/en_US/ExperienceHomeMX24/pr-2026-04-firefly-cousage-experience-Phase1.cfm.gql.json","hs_4_0_view_plans":"No Content","hs_4_0_whats_new":"https://odin.adobe.com/content/dam/ccfirstmile/PPRO/en_US/componentWhatsNewToastal/Pr-GA-Apr-26-Multicard-WN-3553.cfm.gql.json","lcm_learn":"No Content","pes_atlas":"No Content","pes_browse_learn":"No Content","pes_features":"No Content","pes_whats_new":"No Content"}},"id":"f8f359d2-c1ae-40f7-9e06-66366ba7174a","schema":"https://ns.adobe.com/personalization/json-content-item"}],"scope":"adbpr://desktop","scopeDetails":{"activity":{"id":"02b682d0-a6b1-4df8-8722-a63c771198d0#3edb1997-bf0a-435c-a254-129f5aa290ac","matchedSurfaces":["adbpr://desktop/"],"priority":45},"characteristics":{"eventToken":"eyJtZXNzYWdlRXhlY3V0aW9uIjp7Im1lc3NhZ2VFeGVjdXRpb25JRCI6IlVFOkluYm91bmQiLCJtZXNzYWdlSUQiOiI1ZTllYzk4Yi1lMDk2LTQ5NGMtYTIwOS01ZGRhZjUxNzc4NGYiLCJtZXNzYWdlUHVibGljYXRpb25JRCI6IjIxNjE3ZGVmLWNiNjQtNGQ3Ny1hMzA5LTZiZWY3M2IzZmVjYSIsIm1lc3NhZ2VUeXBlIjoibWFya2V0aW5nIiwiY2FtcGFpZ25JRCI6IjAyYjY4MmQwLWE2YjEtNGRmOC04NzIyLWE2M2M3NzExOThkMCIsImNhbXBhaWduVmVyc2lvbklEIjoiYTRhM2E0NGUtODQyNy00OWViLTg4NjUtYzc2OGE1NGM3OGU1IiwiY2FtcGFpZ25BY3Rpb25JRCI6IjNlZGIxOTk3LWJmMGEtNDM1Yy1hMjU0LTEyOWY1YWEyOTBhYyJ9LCJtZXNzYWdlUHJvZmlsZSI6eyJtZXNzYWdlUHJvZmlsZUlEIjoiOWU3ODJkMzMtMTZmNS00ZGFkLWFkOTEtNjgwNzc4NDNmYjhkIiwiY2hhbm5lbCI6eyJfaWQiOiJodHRwczovL25zLmFkb2JlLmNvbS94ZG0vY2hhbm5lbHMvY29kZSIsIl90eXBlIjoiaHR0cHM6Ly9ucy5hZG9iZS5jb20veGRtL2NoYW5uZWwtdHlwZXMvY29kZSJ9fX0=","subPropositions":"W3siaWQiOiIyYzdlMjJiYS02ODJkLTQyZGYtODRmNy0yYWU4YjRlNWYxY2MiLCJzY29wZSI6ImFkYnByOi8vZGVza3RvcCIsInNjb3BlRGV0YWlscyI6eyJkZWNpc2lvblByb3ZpZGVyIjoiRVhEIiwiY29ycmVsYXRpb25JRCI6IjIxNjE3ZGVmLWNiNjQtNGQ3Ny1hMzA5LTZiZWY3M2IzZmVjYS0wIiwic3RyYXRlZ2llcyI6W3sic3RyYXRlZ3lJRCI6IjQ5ODVjNWFkLTI4OGUtNDlmYS1hMDc2LTNmOTM2ZGY4YmQ1NyIsInN0ZXAiOiJkZWNpc2lvblBvbGljeSJ9LHsic3RyYXRlZ3lJRCI6ImFkYnByOi8vZGVza3RvcCIsInN0ZXAiOiJwbGFjZW1lbnQifV0sInJhbmsiOjUsImFjdGl2aXR5Ijp7ImlkIjoiMDJiNjgyZDAtYTZiMS00ZGY4LTg3MjItYTYzYzc3MTE5OGQwIzNlZGIxOTk3LWJmMGEtNDM1Yy1hMjU0LTEyOWY1YWEyOTBhYyIsInByaW9yaXR5Ijo0NSwibWF0Y2hlZFN1cmZhY2VzIjpbImFkYnByOi8vZGVza3RvcC8iXX19LCJpdGVtcyI6W3siaWQiOiJkcHM6MzJiZmZmZmRmNmM0ZTA0NjgxMDBkMTJhOTgxZWVlNDAxYzViNWEzZjk3YjdjYmZkOjFjNzc3OWNmYTNlNGI3MzgiLCJldGFnIjoiNiIsIm5hbWUiOiJbT0ZSXSBQckRfRkZfQ291c2FnZV9QaGFzZTFfRU4iLCJpdGVtU2VsZWN0aW9uIjp7InNlbGVjdGlvbkRldGFpbCI6eyJzZWxlY3Rpb25UeXBlIjoibWFudWFsIiwidmVyc2lvbiI6ImxhdGVzdCJ9fSwidG9rZW4iOiJqcFFIRTVwN0FTbGZBMFI5eDVmUzNnIn1dfV0="},"correlationID":"21617def-cb64-4d77-a309-6bef73b3feca-0","decisionProvider":"AJO","rank":5,"strategies":[{"step":"passthroughActions","strategyID":"17da5b6a-5841-499c-81d9-4b5bb9ca0f23#3edb1997-bf0a-435c-a254-129f5aa290ac, 14e68667-b036-4890-b95b-af3b145acd7d#4ba9ecea-0971-435a-91ab-37fd2a46436a, 189b67e0-44bf-4968-8f3a-936b481d9ecd#3edb1997-bf0a-435c-a254-129f5aa290ac, d298ac49-f6c4-4c10-afb4-bf044f34d539#4ba9ecea-0971-435a-91ab-37fd2a46436a"}]}},"refreshTimestamp":"2026-07-15T21:08:41.250Z","rootAssetMetadata":[{"contentType":"application/octet-stream","dependencies":[],"fileExtension":"","filename":"","id":20259,"isPersonalized":false,"refreshTimestamp":"2026-07-15T21:08:41.264Z","url":"No Content"}],"sortOrder":1,"source":"surface","status":"ready","tags":["in_app_contextual_notifications"],"xdm":{"_adobe_corpnew":{"app":{"installedApplications":[{"id":"PPRO","language":"en-US","majorVersion":26,"minorVersion":3,"name":"Premiere Pro","patchVersion":0,"version":"26.3.0.93"}],"language":"en-US"}},"application":{"id":"CCXP","name":"CCX Process","version":"7.8.0.2"},"device":{"platform":"winx86_64","type":"desktop"},"environment":{"_dc":{"language":"en-US"},"browserDetails":{"userAgentClientHints":{"platform":"winx86_64"}},"operatingSystem":"Windows","operatingSystemVersion":"10.0.26200"},"eventType":"personalization.request"}},"errorMessage":"NoTargetingCampaign","errorCode":30002},{"gsdkEnabledContent":true,"containerId":2,"containerLabel":"Dynamic DP Modes","containerAnalyticsData":{"variationId":"21617def-cb64-4d77-a309-6bef73b3feca-0:::17da5b6a-5841-499c-81d9-4b5bb9ca0f23#3edb1997-bf0a-435c-a254-129f5aa290ac, 14e68667-b036-4890-b95b-af3b145acd7d#4ba9ecea-0971-435a-91ab-37fd2a46436a, 189b67e0-44bf-4968-8f3a-936b481d9ecd#3edb1997-bf0a-435c-a254-129f5aa290ac, d298ac49-f6c4-4c10-afb4-bf044f34d539#4ba9ecea-0971-435a-91ab-37fd2a46436a::::::f8f359d2-c1ae-40f7-9e06-66366ba7174a","actionBlockId":"f8f359d2-c1ae-40f7-9e06-66366ba7174a","campaignId":"02b682d0-a6b1-4df8-8722-a63c771198d0#3edb1997-bf0a-435c-a254-129f5aa290ac:::","containerStatus":"ready-Dynamic DP Modes"},"gsdkStatus":"ready","gsdkContent":{"campaignState":"NoTargetingCampaign","consumer":{"code":"PPRO","id":82,"language":"en-US","name":"Premiere Pro","version":"26.3.0.93"},"container":{"lastUpdated":"2026-02-06T22:42:53.130Z","name":"Dynamic DP Modes"},"id":10821,"monitoringData":{"exp.action_block_id":"f8f359d2-c1ae-40f7-9e06-66366ba7174a","exp.campaign_id":"02b682d0-a6b1-4df8-8722-a63c771198d0#3edb1997-bf0a-435c-a254-129f5aa290ac:::","exp.experience_id":"02b682d0-a6b1-4df8-8722-a63c771198d0#3edb1997-bf0a-435c-a254-129f5aa290ac","exp.request_guid":"c1308954-1142-41c0-adc8-35caf3c49c68","exp.response_guid":"4519ac40-f8fe-4549-bac8-3af48f1b0e2c","exp.surface_id":"4519ac40-f8fe-4549-bac8-3af48f1b0e2c","exp.variation_id":"21617def-cb64-4d77-a309-6bef73b3feca-0:::17da5b6a-5841-499c-81d9-4b5bb9ca0f23#3edb1997-bf0a-435c-a254-129f5aa290ac, 14e68667-b036-4890-b95b-af3b145acd7d#4ba9ecea-0971-435a-91ab-37fd2a46436a, 189b67e0-44bf-4968-8f3a-936b481d9ecd#3edb1997-bf0a-435c-a254-129f5aa290ac, d298ac49-f6c4-4c10-afb4-bf044f34d539#4ba9ecea-0971-435a-91ab-37fd2a46436a::::::f8f359d2-c1ae-40f7-9e06-66366ba7174a"},"proposition":{"id":"4519ac40-f8fe-4549-bac8-3af48f1b0e2c","items":[{"data":{"content":{"dp_ccn":"No Content","dp_core":"No Content","dp_dynamic_template":"No Content","dp_learn":"No Content","dp_tool_tech":"No Content","hs_3_1_inapp_tutorial":"https://utut-service.adobe.com/api/ututs?api_key=UtutSophiaCampaign1&metadata.platforms[]=in-app&status=live&metadata.application.sap_code=PPRO&locale=en_US&aem_id=premiere-pro/how-to/in-app/040-save-time-with-different-preview-options-in-premiere-pro&aem_id=premiere-pro/how-to/in-app/try-generative-extend&aem_id=premiere-pro/how-to/in-app/animation-basics&aem_id=premiere-pro/how-to/in-app/create-rough-cut-text-based-edit&aem_id=premiere-pro/how-to/in-app/036-make-beauty-spots-sparkle&aem_id=premiere-pro/how-to/in-app/cut-to-the-beat&aem_id=premiere-pro/how-to/in-app/020-add-speed-ramping&aem_id=premiere-pro/how-to/in-app/032-make-food-colors-pop","hs_3_1_user_intent_dialog":"No Content","hs_3_1_web_tutorial":"https://utut-service.adobe.com/api/recommendation/tutorial/123?metadata.application.sap_code=PPRO&locale=en_US&metadata.platforms=helpx&api_key=EngagementStream1&max_tutorials=15","hs_4_0_profile_base":"No Content","hs_4_0_toast":"No Content","hs_4_0_touts":"https://odin.adobe.com/content/dam/ccfirstmile/PPRO/en_US/ExperienceHomeMX24/pr-2026-04-firefly-cousage-experience-Phase1.cfm.gql.json","hs_4_0_view_plans":"No Content","hs_4_0_whats_new":"https://odin.adobe.com/content/dam/ccfirstmile/PPRO/en_US/componentWhatsNewToastal/Pr-GA-Apr-26-Multicard-WN-3553.cfm.gql.json","lcm_learn":"No Content","pes_atlas":"No Content","pes_browse_learn":"No Content","pes_features":"No Content","pes_whats_new":"No Content"}},"id":"f8f359d2-c1ae-40f7-9e06-66366ba7174a","schema":"https://ns.adobe.com/personalization/json-content-item"}],"scope":"adbpr://desktop","scopeDetails":{"activity":{"id":"02b682d0-a6b1-4df8-8722-a63c771198d0#3edb1997-bf0a-435c-a254-129f5aa290ac","matchedSurfaces":["adbpr://desktop/"],"priority":45},"characteristics":{"eventToken":"eyJtZXNzYWdlRXhlY3V0aW9uIjp7Im1lc3NhZ2VFeGVjdXRpb25JRCI6IlVFOkluYm91bmQiLCJtZXNzYWdlSUQiOiI1ZTllYzk4Yi1lMDk2LTQ5NGMtYTIwOS01ZGRhZjUxNzc4NGYiLCJtZXNzYWdlUHVibGljYXRpb25JRCI6IjIxNjE3ZGVmLWNiNjQtNGQ3Ny1hMzA5LTZiZWY3M2IzZmVjYSIsIm1lc3NhZ2VUeXBlIjoibWFya2V0aW5nIiwiY2FtcGFpZ25JRCI6IjAyYjY4MmQwLWE2YjEtNGRmOC04NzIyLWE2M2M3NzExOThkMCIsImNhbXBhaWduVmVyc2lvbklEIjoiYTRhM2E0NGUtODQyNy00OWViLTg4NjUtYzc2OGE1NGM3OGU1IiwiY2FtcGFpZ25BY3Rpb25JRCI6IjNlZGIxOTk3LWJmMGEtNDM1Yy1hMjU0LTEyOWY1YWEyOTBhYyJ9LCJtZXNzYWdlUHJvZmlsZSI6eyJtZXNzYWdlUHJvZmlsZUlEIjoiOWU3ODJkMzMtMTZmNS00ZGFkLWFkOTEtNjgwNzc4NDNmYjhkIiwiY2hhbm5lbCI6eyJfaWQiOiJodHRwczovL25zLmFkb2JlLmNvbS94ZG0vY2hhbm5lbHMvY29kZSIsIl90eXBlIjoiaHR0cHM6Ly9ucy5hZG9iZS5jb20veGRtL2NoYW5uZWwtdHlwZXMvY29kZSJ9fX0=","subPropositions":"W3siaWQiOiIyYzdlMjJiYS02ODJkLTQyZGYtODRmNy0yYWU4YjRlNWYxY2MiLCJzY29wZSI6ImFkYnByOi8vZGVza3RvcCIsInNjb3BlRGV0YWlscyI6eyJkZWNpc2lvblByb3ZpZGVyIjoiRVhEIiwiY29ycmVsYXRpb25JRCI6IjIxNjE3ZGVmLWNiNjQtNGQ3Ny1hMzA5LTZiZWY3M2IzZmVjYS0wIiwic3RyYXRlZ2llcyI6W3sic3RyYXRlZ3lJRCI6IjQ5ODVjNWFkLTI4OGUtNDlmYS1hMDc2LTNmOTM2ZGY4YmQ1NyIsInN0ZXAiOiJkZWNpc2lvblBvbGljeSJ9LHsic3RyYXRlZ3lJRCI6ImFkYnByOi8vZGVza3RvcCIsInN0ZXAiOiJwbGFjZW1lbnQifV0sInJhbmsiOjUsImFjdGl2aXR5Ijp7ImlkIjoiMDJiNjgyZDAtYTZiMS00ZGY4LTg3MjItYTYzYzc3MTE5OGQwIzNlZGIxOTk3LWJmMGEtNDM1Yy1hMjU0LTEyOWY1YWEyOTBhYyIsInByaW9yaXR5Ijo0NSwibWF0Y2hlZFN1cmZhY2VzIjpbImFkYnByOi8vZGVza3RvcC8iXX19LCJpdGVtcyI6W3siaWQiOiJkcHM6MzJiZmZmZmRmNmM0ZTA0NjgxMDBkMTJhOTgxZWVlNDAxYzViNWEzZjk3YjdjYmZkOjFjNzc3OWNmYTNlNGI3MzgiLCJldGFnIjoiNiIsIm5hbWUiOiJbT0ZSXSBQckRfRkZfQ291c2FnZV9QaGFzZTFfRU4iLCJpdGVtU2VsZWN0aW9uIjp7InNlbGVjdGlvbkRldGFpbCI6eyJzZWxlY3Rpb25UeXBlIjoibWFudWFsIiwidmVyc2lvbiI6ImxhdGVzdCJ9fSwidG9rZW4iOiJqcFFIRTVwN0FTbGZBMFI5eDVmUzNnIn1dfV0="},"correlationID":"21617def-cb64-4d77-a309-6bef73b3feca-0","decisionProvider":"AJO","rank":5,"strategies":[{"step":"passthroughActions","strategyID":"17da5b6a-5841-499c-81d9-4b5bb9ca0f23#3edb1997-bf0a-435c-a254-129f5aa290ac, 14e68667-b036-4890-b95b-af3b145acd7d#4ba9ecea-0971-435a-91ab-37fd2a46436a, 189b67e0-44bf-4968-8f3a-936b481d9ecd#3edb1997-bf0a-435c-a254-129f5aa290ac, d298ac49-f6c4-4c10-afb4-bf044f34d539#4ba9ecea-0971-435a-91ab-37fd2a46436a"}]}},"refreshTimestamp":"2026-07-15T21:08:41.250Z","rootAssetMetadata":[{"contentType":"application/octet-stream","dependencies":[],"fileExtension":"","filename":"","id":20261,"isPersonalized":false,"refreshTimestamp":"2026-07-15T21:08:41.264Z","url":"No Content"}],"sortOrder":2,"source":"surface","status":"ready","tags":["in_app_contextual_notifications"],"xdm":{"_adobe_corpnew":{"app":{"installedApplications":[{"id":"PPRO","language":"en-US","majorVersion":26,"minorVersion":3,"name":"Premiere Pro","patchVersion":0,"version":"26.3.0.93"}],"language":"en-US"}},"application":{"id":"CCXP","name":"CCX Process","version":"7.8.0.2"},"device":{"platform":"winx86_64","type":"desktop"},"environment":{"_dc":{"language":"en-US"},"browserDetails":{"userAgentClientHints":{"platform":"winx86_64"}},"operatingSystem":"Windows","operatingSystemVersion":"10.0.26200"},"eventType":"personalization.request"}},"errorMessage":"NoTargetingCampaign","errorCode":30002}],"surfaceAnalyticsData":{"surfaceId":"in_app_contextual_notifications"}}},"_ccx":{"version":1}}
[2026-07-16_14-14-17][38660][Error] [console] [DP] Error: Discover_Panel surface is not found!! Error loading Discover_Panel surface
[2026-07-16_14-14-17][38660][Error] [console] [DP] Error: in_app_contextual_notifications surface has no containers. {"expirationDTS":"2026-07-17T21:09:11.509Z","surfaces":{"Discover_Panel":{"failedContainers":[{"gsdkEnabledContent":true,"containerId":1,"containerLabel":"Discover Panel","containerAnalyticsData":{"variationId":"21617def-cb64-4d77-a309-6bef73b3feca-0:::17da5b6a-5841-499c-81d9-4b5bb9ca0f23#3edb1997-bf0a-435c-a254-129f5aa290ac, 14e68667-b036-4890-b95b-af3b145acd7d#4ba9ecea-0971-435a-91ab-37fd2a46436a, 189b67e0-44bf-4968-8f3a-936b481d9ecd#3edb1997-bf0a-435c-a254-129f5aa290ac, d298ac49-f6c4-4c10-afb4-bf044f34d539#4ba9ecea-0971-435a-91ab-37fd2a46436a::::::f8f359d2-c1ae-40f7-9e06-66366ba7174a","actionBlockId":"f8f359d2-c1ae-40f7-9e06-66366ba7174a","campaignId":"02b682d0-a6b1-4df8-8722-a63c771198d0#3edb1997-bf0a-435c-a254-129f5aa290ac:::","containerStatus":"ready-Discover Panel"},"gsdkStatus":"ready","gsdkContent":{"campaignState":"NoTargetingCampaign","consumer":{"code":"PPRO","id":82,"language":"en-US","name":"Premiere Pro","version":"26.3.0.93"},"container":{"lastUpdated":"2026-02-06T22:42:53.130Z","name":"Discover Panel"},"id":10824,"monitoringData":{"exp.action_block_id":"f8f359d2-c1ae-40f7-9e06-66366ba7174a","exp.campaign_id":"02b682d0-a6b1-4df8-8722-a63c771198d0#3edb1997-bf0a-435c-a254-129f5aa290ac:::","exp.experience_id":"02b682d0-a6b1-4df8-8722-a63c771198d0#3edb1997-bf0a-435c-a254-129f5aa290ac","exp.request_guid":"c1308954-1142-41c0-adc8-35caf3c49c68","exp.response_guid":"4519ac40-f8fe-4549-bac8-3af48f1b0e2c","exp.surface_id":"4519ac40-f8fe-4549-bac8-3af48f1b0e2c","exp.variation_id":"21617def-cb64-4d77-a309-6bef73b3feca-0:::17da5b6a-5841-499c-81d9-4b5bb9ca0f23#3edb1997-bf0a-435c-a254-129f5aa290ac, 14e68667-b036-4890-b95b-af3b145acd7d#4ba9ecea-0971-435a-91ab-37fd2a46436a, 189b67e0-44bf-4968-8f3a-936b481d9ecd#3edb1997-bf0a-435c-a254-129f5aa290ac, d298ac49-f6c4-4c10-afb4-bf044f34d539#4ba9ecea-0971-435a-91ab-37fd2a46436a::::::f8f359d2-c1ae-40f7-9e06-66366ba7174a"},"proposition":{"id":"4519ac40-f8fe-4549-bac8-3af48f1b0e2c","items":[{"data":{"content":{"dp_ccn":"No Content","dp_core":"No Content","dp_dynamic_template":"No Content","dp_learn":"No Content","dp_tool_tech":"No Content","hs_3_1_inapp_tutorial":"https://utut-service.adobe.com/api/ututs?api_key=UtutSophiaCampaign1&metadata.platforms[]=in-app&status=live&metadata.application.sap_code=PPRO&locale=en_US&aem_id=premiere-pro/how-to/in-app/040-save-time-with-different-preview-options-in-premiere-pro&aem_id=premiere-pro/how-to/in-app/try-generative-extend&aem_id=premiere-pro/how-to/in-app/animation-basics&aem_id=premiere-pro/how-to/in-app/create-rough-cut-text-based-edit&aem_id=premiere-pro/how-to/in-app/036-make-beauty-spots-sparkle&aem_id=premiere-pro/how-to/in-app/cut-to-the-beat&aem_id=premiere-pro/how-to/in-app/020-add-speed-ramping&aem_id=premiere-pro/how-to/in-app/032-make-food-colors-pop","hs_3_1_user_intent_dialog":"No Content","hs_3_1_web_tutorial":"https://utut-service.adobe.com/api/recommendation/tutorial/123?metadata.application.sap_code=PPRO&locale=en_US&metadata.platforms=helpx&api_key=EngagementStream1&max_tutorials=15","hs_4_0_profile_base":"No Content","hs_4_0_toast":"No Content","hs_4_0_touts":"https://odin.adobe.com/content/dam/ccfirstmile/PPRO/en_US/ExperienceHomeMX24/pr-2026-04-firefly-cousage-experience-Phase1.cfm.gql.json","hs_4_0_view_plans":"No Content","hs_4_0_whats_new":"https://odin.adobe.com/content/dam/ccfirstmile/PPRO/en_US/componentWhatsNewToastal/Pr-GA-Apr-26-Multicard-WN-3553.cfm.gql.json","lcm_learn":"No Content","pes_atlas":"No Content","pes_browse_learn":"No Content","pes_features":"No Content","pes_whats_new":"No Content"}},"id":"f8f359d2-c1ae-40f7-9e06-66366ba7174a","schema":"https://ns.adobe.com/personalization/json-content-item"}],"scope":"adbpr://desktop","scopeDetails":{"activity":{"id":"02b682d0-a6b1-4df8-8722-a63c771198d0#3edb1997-bf0a-435c-a254-129f5aa290ac","matchedSurfaces":["adbpr://desktop/"],"priority":45},"characteristics":{"eventToken":"eyJtZXNzYWdlRXhlY3V0aW9uIjp7Im1lc3NhZ2VFeGVjdXRpb25JRCI6IlVFOkluYm91bmQiLCJtZXNzYWdlSUQiOiI1ZTllYzk4Yi1lMDk2LTQ5NGMtYTIwOS01ZGRhZjUxNzc4NGYiLCJtZXNzYWdlUHVibGljYXRpb25JRCI6IjIxNjE3ZGVmLWNiNjQtNGQ3Ny1hMzA5LTZiZWY3M2IzZmVjYSIsIm1lc3NhZ2VUeXBlIjoibWFya2V0aW5nIiwiY2FtcGFpZ25JRCI6IjAyYjY4MmQwLWE2YjEtNGRmOC04NzIyLWE2M2M3NzExOThkMCIsImNhbXBhaWduVmVyc2lvbklEIjoiYTRhM2E0NGUtODQyNy00OWViLTg4NjUtYzc2OGE1NGM3OGU1IiwiY2FtcGFpZ25BY3Rpb25JRCI6IjNlZGIxOTk3LWJmMGEtNDM1Yy1hMjU0LTEyOWY1YWEyOTBhYyJ9LCJtZXNzYWdlUHJvZmlsZSI6eyJtZXNzYWdlUHJvZmlsZUlEIjoiOWU3ODJkMzMtMTZmNS00ZGFkLWFkOTEtNjgwNzc4NDNmYjhkIiwiY2hhbm5lbCI6eyJfaWQiOiJodHRwczovL25zLmFkb2JlLmNvbS94ZG0vY2hhbm5lbHMvY29kZSIsIl90eXBlIjoiaHR0cHM6Ly9ucy5hZG9iZS5jb20veGRtL2NoYW5uZWwtdHlwZXMvY29kZSJ9fX0=","subPropositions":"W3siaWQiOiIyYzdlMjJiYS02ODJkLTQyZGYtODRmNy0yYWU4YjRlNWYxY2MiLCJzY29wZSI6ImFkYnByOi8vZGVza3RvcCIsInNjb3BlRGV0YWlscyI6eyJkZWNpc2lvblByb3ZpZGVyIjoiRVhEIiwiY29ycmVsYXRpb25JRCI6IjIxNjE3ZGVmLWNiNjQtNGQ3Ny1hMzA5LTZiZWY3M2IzZmVjYS0wIiwic3RyYXRlZ2llcyI6W3sic3RyYXRlZ3lJRCI6IjQ5ODVjNWFkLTI4OGUtNDlmYS1hMDc2LTNmOTM2ZGY4YmQ1NyIsInN0ZXAiOiJkZWNpc2lvblBvbGljeSJ9LHsic3RyYXRlZ3lJRCI6ImFkYnByOi8vZGVza3RvcCIsInN0ZXAiOiJwbGFjZW1lbnQifV0sInJhbmsiOjUsImFjdGl2aXR5Ijp7ImlkIjoiMDJiNjgyZDAtYTZiMS00ZGY4LTg3MjItYTYzYzc3MTE5OGQwIzNlZGIxOTk3LWJmMGEtNDM1Yy1hMjU0LTEyOWY1YWEyOTBhYyIsInByaW9yaXR5Ijo0NSwibWF0Y2hlZFN1cmZhY2VzIjpbImFkYnByOi8vZGVza3RvcC8iXX19LCJpdGVtcyI6W3siaWQiOiJkcHM6MzJiZmZmZmRmNmM0ZTA0NjgxMDBkMTJhOTgxZWVlNDAxYzViNWEzZjk3YjdjYmZkOjFjNzc3OWNmYTNlNGI3MzgiLCJldGFnIjoiNiIsIm5hbWUiOiJbT0ZSXSBQckRfRkZfQ291c2FnZV9QaGFzZTFfRU4iLCJpdGVtU2VsZWN0aW9uIjp7InNlbGVjdGlvbkRldGFpbCI6eyJzZWxlY3Rpb25UeXBlIjoibWFudWFsIiwidmVyc2lvbiI6ImxhdGVzdCJ9fSwidG9rZW4iOiJqcFFIRTVwN0FTbGZBMFI5eDVmUzNnIn1dfV0="},"correlationID":"21617def-cb64-4d77-a309-6bef73b3feca-0","decisionProvider":"AJO","rank":5,"strategies":[{"step":"passthroughActions","strategyID":"17da5b6a-5841-499c-81d9-4b5bb9ca0f23#3edb1997-bf0a-435c-a254-129f5aa290ac, 14e68667-b036-4890-b95b-af3b145acd7d#4ba9ecea-0971-435a-91ab-37fd2a46436a, 189b67e0-44bf-4968-8f3a-936b481d9ecd#3edb1997-bf0a-435c-a254-129f5aa290ac, d298ac49-f6c4-4c10-afb4-bf044f34d539#4ba9ecea-0971-435a-91ab-37fd2a46436a"}]}},"refreshTimestamp":"2026-07-15T21:08:41.250Z","rootAssetMetadata":[{"contentType":"application/octet-stream","dependencies":[],"fileExtension":"","filename":"","id":20264,"isPersonalized":false,"refreshTimestamp":"2026-07-15T21:08:41.264Z","url":"No Content"}],"sortOrder":1,"source":"surface","status":"ready","tags":["Discover_Panel"],"xdm":{"_adobe_corpnew":{"app":{"installedApplications":[{"id":"PPRO","language":"en-US","majorVersion":26,"minorVersion":3,"name":"Premiere Pro","patchVersion":0,"version":"26.3.0.93"}],"language":"en-US"}},"application":{"id":"CCXP","name":"CCX Process","version":"7.8.0.2"},"device":{"platform":"winx86_64","type":"desktop"},"environment":{"_dc":{"language":"en-US"},"browserDetails":{"userAgentClientHints":{"platform":"winx86_64"}},"operatingSystem":"Windows","operatingSystemVersion":"10.0.26200"},"eventType":"personalization.request"}},"errorMessage":"NoTargetingCampaign","errorCode":30002},{"gsdkEnabledContent":true,"containerId":2,"containerLabel":"Four Habits","containerAnalyticsData":{"variationId":"21617def-cb64-4d77-a309-6bef73b3feca-0:::17da5b6a-5841-499c-81d9-4b5bb9ca0f23#3edb1997-bf0a-435c-a254-129f5aa290ac, 14e68667-b036-4890-b95b-af3b145acd7d#4ba9ecea-0971-435a-91ab-37fd2a46436a, 189b67e0-44bf-4968-8f3a-936b481d9ecd#3edb1997-bf0a-435c-a254-129f5aa290ac, d298ac49-f6c4-4c10-afb4-bf044f34d539#4ba9ecea-0971-435a-91ab-37fd2a46436a::::::f8f359d2-c1ae-40f7-9e06-66366ba7174a","actionBlockId":"f8f359d2-c1ae-40f7-9e06-66366ba7174a","campaignId":"02b682d0-a6b1-4df8-8722-a63c771198d0#3edb1997-bf0a-435c-a254-129f5aa290ac:::","containerStatus":"ready-Four Habits"},"gsdkStatus":"ready","gsdkContent":{"campaignState":"NoTargetingCampaign","consumer":{"code":"PPRO","id":82,"language":"en-US","name":"Premiere Pro","version":"26.3.0.93"},"container":{"lastUpdated":"2026-02-06T22:42:53.130Z","name":"Four Habits"},"id":10827,"monitoringData":{"exp.action_block_id":"f8f359d2-c1ae-40f7-9e06-66366ba7174a","exp.campaign_id":"02b682d0-a6b1-4df8-8722-a63c771198d0#3edb1997-bf0a-435c-a254-129f5aa290ac:::","exp.experience_id":"02b682d0-a6b1-4df8-8722-a63c771198d0#3edb1997-bf0a-435c-a254-129f5aa290ac","exp.request_guid":"c1308954-1142-41c0-adc8-35caf3c49c68","exp.response_guid":"4519ac40-f8fe-4549-bac8-3af48f1b0e2c","exp.surface_id":"4519ac40-f8fe-4549-bac8-3af48f1b0e2c","exp.variation_id":"21617def-cb64-4d77-a309-6bef73b3feca-0:::17da5b6a-5841-499c-81d9-4b5bb9ca0f23#3edb1997-bf0a-435c-a254-129f5aa290ac, 14e68667-b036-4890-b95b-af3b145acd7d#4ba9ecea-0971-435a-91ab-37fd2a46436a, 189b67e0-44bf-4968-8f3a-936b481d9ecd#3edb1997-bf0a-435c-a254-129f5aa290ac, d298ac49-f6c4-4c10-afb4-bf044f34d539#4ba9ecea-0971-435a-91ab-37fd2a46436a::::::f8f359d2-c1ae-40f7-9e06-66366ba7174a"},"proposition":{"id":"4519ac40-f8fe-4549-bac8-3af48f1b0e2c","items":[{"data":{"content":{"dp_ccn":"No Content","dp_core":"No Content","dp_dynamic_template":"No Content","dp_learn":"No Content","dp_tool_tech":"No Content","hs_3_1_inapp_tutorial":"https://utut-service.adobe.com/api/ututs?api_key=UtutSophiaCampaign1&metadata.platforms[]=in-app&status=live&metadata.application.sap_code=PPRO&locale=en_US&aem_id=premiere-pro/how-to/in-app/040-save-time-with-different-preview-options-in-premiere-pro&aem_id=premiere-pro/how-to/in-app/try-generative-extend&aem_id=premiere-pro/how-to/in-app/animation-basics&aem_id=premiere-pro/how-to/in-app/create-rough-cut-text-based-edit&aem_id=premiere-pro/how-to/in-app/036-make-beauty-spots-sparkle&aem_id=premiere-pro/how-to/in-app/cut-to-the-beat&aem_id=premiere-pro/how-to/in-app/020-add-speed-ramping&aem_id=premiere-pro/how-to/in-app/032-make-food-colors-pop","hs_3_1_user_intent_dialog":"No Content","hs_3_1_web_tutorial":"https://utut-service.adobe.com/api/recommendation/tutorial/123?metadata.application.sap_code=PPRO&locale=en_US&metadata.platforms=helpx&api_key=EngagementStream1&max_tutorials=15","hs_4_0_profile_base":"No Content","hs_4_0_toast":"No Content","hs_4_0_touts":"https://odin.adobe.com/content/dam/ccfirstmile/PPRO/en_US/ExperienceHomeMX24/pr-2026-04-firefly-cousage-experience-Phase1.cfm.gql.json","hs_4_0_view_plans":"No Content","hs_4_0_whats_new":"https://odin.adobe.com/content/dam/ccfirstmile/PPRO/en_US/componentWhatsNewToastal/Pr-GA-Apr-26-Multicard-WN-3553.cfm.gql.json","lcm_learn":"No Content","pes_atlas":"No Content","pes_browse_learn":"No Content","pes_features":"No Content","pes_whats_new":"No Content"}},"id":"f8f359d2-c1ae-40f7-9e06-66366ba7174a","schema":"https://ns.adobe.com/personalization/json-content-item"}],"scope":"adbpr://desktop","scopeDetails":{"activity":{"id":"02b682d0-a6b1-4df8-8722-a63c771198d0#3edb1997-bf0a-435c-a254-129f5aa290ac","matchedSurfaces":["adbpr://desktop/"],"priority":45},"characteristics":{"eventToken":"eyJtZXNzYWdlRXhlY3V0aW9uIjp7Im1lc3NhZ2VFeGVjdXRpb25JRCI6IlVFOkluYm91bmQiLCJtZXNzYWdlSUQiOiI1ZTllYzk4Yi1lMDk2LTQ5NGMtYTIwOS01ZGRhZjUxNzc4NGYiLCJtZXNzYWdlUHVibGljYXRpb25JRCI6IjIxNjE3ZGVmLWNiNjQtNGQ3Ny1hMzA5LTZiZWY3M2IzZmVjYSIsIm1lc3NhZ2VUeXBlIjoibWFya2V0aW5nIiwiY2FtcGFpZ25JRCI6IjAyYjY4MmQwLWE2YjEtNGRmOC04NzIyLWE2M2M3NzExOThkMCIsImNhbXBhaWduVmVyc2lvbklEIjoiYTRhM2E0NGUtODQyNy00OWViLTg4NjUtYzc2OGE1NGM3OGU1IiwiY2FtcGFpZ25BY3Rpb25JRCI6IjNlZGIxOTk3LWJmMGEtNDM1Yy1hMjU0LTEyOWY1YWEyOTBhYyJ9LCJtZXNzYWdlUHJvZmlsZSI6eyJtZXNzYWdlUHJvZmlsZUlEIjoiOWU3ODJkMzMtMTZmNS00ZGFkLWFkOTEtNjgwNzc4NDNmYjhkIiwiY2hhbm5lbCI6eyJfaWQiOiJodHRwczovL25zLmFkb2JlLmNvbS94ZG0vY2hhbm5lbHMvY29kZSIsIl90eXBlIjoiaHR0cHM6Ly9ucy5hZG9iZS5jb20veGRtL2NoYW5uZWwtdHlwZXMvY29kZSJ9fX0=","subPropositions":"W3siaWQiOiIyYzdlMjJiYS02ODJkLTQyZGYtODRmNy0yYWU4YjRlNWYxY2MiLCJzY29wZSI6ImFkYnByOi8vZGVza3RvcCIsInNjb3BlRGV0YWlscyI6eyJkZWNpc2lvblByb3ZpZGVyIjoiRVhEIiwiY29ycmVsYXRpb25JRCI6IjIxNjE3ZGVmLWNiNjQtNGQ3Ny1hMzA5LTZiZWY3M2IzZmVjYS0wIiwic3RyYXRlZ2llcyI6W3sic3RyYXRlZ3lJRCI6IjQ5ODVjNWFkLTI4OGUtNDlmYS1hMDc2LTNmOTM2ZGY4YmQ1NyIsInN0ZXAiOiJkZWNpc2lvblBvbGljeSJ9LHsic3RyYXRlZ3lJRCI6ImFkYnByOi8vZGVza3RvcCIsInN0ZXAiOiJwbGFjZW1lbnQifV0sInJhbmsiOjUsImFjdGl2aXR5Ijp7ImlkIjoiMDJiNjgyZDAtYTZiMS00ZGY4LTg3MjItYTYzYzc3MTE5OGQwIzNlZGIxOTk3LWJmMGEtNDM1Yy1hMjU0LTEyOWY1YWEyOTBhYyIsInByaW9yaXR5Ijo0NSwibWF0Y2hlZFN1cmZhY2VzIjpbImFkYnByOi8vZGVza3RvcC8iXX19LCJpdGVtcyI6W3siaWQiOiJkcHM6MzJiZmZmZmRmNmM0ZTA0NjgxMDBkMTJhOTgxZWVlNDAxYzViNWEzZjk3YjdjYmZkOjFjNzc3OWNmYTNlNGI3MzgiLCJldGFnIjoiNiIsIm5hbWUiOiJbT0ZSXSBQckRfRkZfQ291c2FnZV9QaGFzZTFfRU4iLCJpdGVtU2VsZWN0aW9uIjp7InNlbGVjdGlvbkRldGFpbCI6eyJzZWxlY3Rpb25UeXBlIjoibWFudWFsIiwidmVyc2lvbiI6ImxhdGVzdCJ9fSwidG9rZW4iOiJqcFFIRTVwN0FTbGZBMFI5eDVmUzNnIn1dfV0="},"correlationID":"21617def-cb64-4d77-a309-6bef73b3feca-0","decisionProvider":"AJO","rank":5,"strategies":[{"step":"passthroughActions","strategyID":"17da5b6a-5841-499c-81d9-4b5bb9ca0f23#3edb1997-bf0a-435c-a254-129f5aa290ac, 14e68667-b036-4890-b95b-af3b145acd7d#4ba9ecea-0971-435a-91ab-37fd2a46436a, 189b67e0-44bf-4968-8f3a-936b481d9ecd#3edb1997-bf0a-435c-a254-129f5aa290ac, d298ac49-f6c4-4c10-afb4-bf044f34d539#4ba9ecea-0971-435a-91ab-37fd2a46436a"}]}},"refreshTimestamp":"2026-07-15T21:08:41.250Z","rootAssetMetadata":[{"contentType":"application/octet-stream","dependencies":[],"fileExtension":"","filename":"","id":20267,"isPersonalized":false,"refreshTimestamp":"2026-07-15T21:08:41.264Z","url":"No Content"}],"sortOrder":2,"source":"surface","status":"ready","tags":["Discover_Panel"],"xdm":{"_adobe_corpnew":{"app":{"installedApplications":[{"id":"PPRO","language":"en-US","majorVersion":26,"minorVersion":3,"name":"Premiere Pro","patchVersion":0,"version":"26.3.0.93"}],"language":"en-US"}},"application":{"id":"CCXP","name":"CCX Process","version":"7.8.0.2"},"device":{"platform":"winx86_64","type":"desktop"},"environment":{"_dc":{"language":"en-US"},"browserDetails":{"userAgentClientHints":{"platform":"winx86_64"}},"operatingSystem":"Windows","operatingSystemVersion":"10.0.26200"},"eventType":"personalization.request"}},"errorMessage":"NoTargetingCampaign","errorCode":30002}],"surfaceAnalyticsData":{"surfaceId":"Discover_Panel"}},"DP_Tool_Techniques_v1":{"failedContainers":[{"gsdkEnabledContent":true,"containerId":1,"containerLabel":"DP Tool Techniques v1","containerAnalyticsData":{"variationId":"21617def-cb64-4d77-a309-6bef73b3feca-0:::17da5b6a-5841-499c-81d9-4b5bb9ca0f23#3edb1997-bf0a-435c-a254-129f5aa290ac, 14e68667-b036-4890-b95b-af3b145acd7d#4ba9ecea-0971-435a-91ab-37fd2a46436a, 189b67e0-44bf-4968-8f3a-936b481d9ecd#3edb1997-bf0a-435c-a254-129f5aa290ac, d298ac49-f6c4-4c10-afb4-bf044f34d539#4ba9ecea-0971-435a-91ab-37fd2a46436a::::::f8f359d2-c1ae-40f7-9e06-66366ba7174a","actionBlockId":"f8f359d2-c1ae-40f7-9e06-66366ba7174a","campaignId":"02b682d0-a6b1-4df8-8722-a63c771198d0#3edb1997-bf0a-435c-a254-129f5aa290ac:::","containerStatus":"ready-DP Tool Techniques v1"},"gsdkStatus":"ready","gsdkContent":{"campaignState":"NoTargetingCampaign","consumer":{"code":"PPRO","id":82,"language":"en-US","name":"Premiere Pro","version":"26.3.0.93"},"container":{"lastUpdated":"2026-02-06T22:42:53.130Z","name":"DP Tool Techniques v1"},"id":10820,"monitoringData":{"exp.action_block_id":"f8f359d2-c1ae-40f7-9e06-66366ba7174a","exp.campaign_id":"02b682d0-a6b1-4df8-8722-a63c771198d0#3edb1997-bf0a-435c-a254-129f5aa290ac:::","exp.experience_id":"02b682d0-a6b1-4df8-8722-a63c771198d0#3edb1997-bf0a-435c-a254-129f5aa290ac","exp.request_guid":"c1308954-1142-41c0-adc8-35caf3c49c68","exp.response_guid":"4519ac40-f8fe-4549-bac8-3af48f1b0e2c","exp.surface_id":"4519ac40-f8fe-4549-bac8-3af48f1b0e2c","exp.variation_id":"21617def-cb64-4d77-a309-6bef73b3feca-0:::17da5b6a-5841-499c-81d9-4b5bb9ca0f23#3edb1997-bf0a-435c-a254-129f5aa290ac, 14e68667-b036-4890-b95b-af3b145acd7d#4ba9ecea-0971-435a-91ab-37fd2a46436a, 189b67e0-44bf-4968-8f3a-936b481d9ecd#3edb1997-bf0a-435c-a254-129f5aa290ac, d298ac49-f6c4-4c10-afb4-bf044f34d539#4ba9ecea-0971-435a-91ab-37fd2a46436a::::::f8f359d2-c1ae-40f7-9e06-66366ba7174a"},"proposition":{"id":"4519ac40-f8fe-4549-bac8-3af48f1b0e2c","items":[{"data":{"content":{"dp_ccn":"No Content","dp_core":"No Content","dp_dynamic_template":"No Content","dp_learn":"No Content","dp_tool_tech":"No Content","hs_3_1_inapp_tutorial":"https://utut-service.adobe.com/api/ututs?api_key=UtutSophiaCampaign1&metadata.platforms[]=in-app&status=live&metadata.application.sap_code=PPRO&locale=en_US&aem_id=premiere-pro/how-to/in-app/040-save-time-with-different-preview-options-in-premiere-pro&aem_id=premiere-pro/how-to/in-app/try-generative-extend&aem_id=premiere-pro/how-to/in-app/animation-basics&aem_id=premiere-pro/how-to/in-app/create-rough-cut-text-based-edit&aem_id=premiere-pro/how-to/in-app/036-make-beauty-spots-sparkle&aem_id=premiere-pro/how-to/in-app/cut-to-the-beat&aem_id=premiere-pro/how-to/in-app/020-add-speed-ramping&aem_id=premiere-pro/how-to/in-app/032-make-food-colors-pop","hs_3_1_user_intent_dialog":"No Content","hs_3_1_web_tutorial":"https://utut-service.adobe.com/api/recommendation/tutorial/123?metadata.application.sap_code=PPRO&locale=en_US&metadata.platforms=helpx&api_key=EngagementStream1&max_tutorials=15","hs_4_0_profile_base":"No Content","hs_4_0_toast":"No Content","hs_4_0_touts":"https://odin.adobe.com/content/dam/ccfirstmile/PPRO/en_US/ExperienceHomeMX24/pr-2026-04-firefly-cousage-experience-Phase1.cfm.gql.json","hs_4_0_view_plans":"No Content","hs_4_0_whats_new":"https://odin.adobe.com/content/dam/ccfirstmile/PPRO/en_US/componentWhatsNewToastal/Pr-GA-Apr-26-Multicard-WN-3553.cfm.gql.json","lcm_learn":"No Content","pes_atlas":"No Content","pes_browse_learn":"No Content","pes_features":"No Content","pes_whats_new":"No Content"}},"id":"f8f359d2-c1ae-40f7-9e06-66366ba7174a","schema":"https://ns.adobe.com/personalization/json-content-item"}],"scope":"adbpr://desktop","scopeDetails":{"activity":{"id":"02b682d0-a6b1-4df8-8722-a63c771198d0#3edb1997-bf0a-435c-a254-129f5aa290ac","matchedSurfaces":["adbpr://desktop/"],"priority":45},"characteristics":{"eventToken":"eyJtZXNzYWdlRXhlY3V0aW9uIjp7Im1lc3NhZ2VFeGVjdXRpb25JRCI6IlVFOkluYm91bmQiLCJtZXNzYWdlSUQiOiI1ZTllYzk4Yi1lMDk2LTQ5NGMtYTIwOS01ZGRhZjUxNzc4NGYiLCJtZXNzYWdlUHVibGljYXRpb25JRCI6IjIxNjE3ZGVmLWNiNjQtNGQ3Ny1hMzA5LTZiZWY3M2IzZmVjYSIsIm1lc3NhZ2VUeXBlIjoibWFya2V0aW5nIiwiY2FtcGFpZ25JRCI6IjAyYjY4MmQwLWE2YjEtNGRmOC04NzIyLWE2M2M3NzExOThkMCIsImNhbXBhaWduVmVyc2lvbklEIjoiYTRhM2E0NGUtODQyNy00OWViLTg4NjUtYzc2OGE1NGM3OGU1IiwiY2FtcGFpZ25BY3Rpb25JRCI6IjNlZGIxOTk3LWJmMGEtNDM1Yy1hMjU0LTEyOWY1YWEyOTBhYyJ9LCJtZXNzYWdlUHJvZmlsZSI6eyJtZXNzYWdlUHJvZmlsZUlEIjoiOWU3ODJkMzMtMTZmNS00ZGFkLWFkOTEtNjgwNzc4NDNmYjhkIiwiY2hhbm5lbCI6eyJfaWQiOiJodHRwczovL25zLmFkb2JlLmNvbS94ZG0vY2hhbm5lbHMvY29kZSIsIl90eXBlIjoiaHR0cHM6Ly9ucy5hZG9iZS5jb20veGRtL2NoYW5uZWwtdHlwZXMvY29kZSJ9fX0=","subPropositions":"W3siaWQiOiIyYzdlMjJiYS02ODJkLTQyZGYtODRmNy0yYWU4YjRlNWYxY2MiLCJzY29wZSI6ImFkYnByOi8vZGVza3RvcCIsInNjb3BlRGV0YWlscyI6eyJkZWNpc2lvblByb3ZpZGVyIjoiRVhEIiwiY29ycmVsYXRpb25JRCI6IjIxNjE3ZGVmLWNiNjQtNGQ3Ny1hMzA5LTZiZWY3M2IzZmVjYS0wIiwic3RyYXRlZ2llcyI6W3sic3RyYXRlZ3lJRCI6IjQ5ODVjNWFkLTI4OGUtNDlmYS1hMDc2LTNmOTM2ZGY4YmQ1NyIsInN0ZXAiOiJkZWNpc2lvblBvbGljeSJ9LHsic3RyYXRlZ3lJRCI6ImFkYnByOi8vZGVza3RvcCIsInN0ZXAiOiJwbGFjZW1lbnQifV0sInJhbmsiOjUsImFjdGl2aXR5Ijp7ImlkIjoiMDJiNjgyZDAtYTZiMS00ZGY4LTg3MjItYTYzYzc3MTE5OGQwIzNlZGIxOTk3LWJmMGEtNDM1Yy1hMjU0LTEyOWY1YWEyOTBhYyIsInByaW9yaXR5Ijo0NSwibWF0Y2hlZFN1cmZhY2VzIjpbImFkYnByOi8vZGVza3RvcC8iXX19LCJpdGVtcyI6W3siaWQiOiJkcHM6MzJiZmZmZmRmNmM0ZTA0NjgxMDBkMTJhOTgxZWVlNDAxYzViNWEzZjk3YjdjYmZkOjFjNzc3OWNmYTNlNGI3MzgiLCJldGFnIjoiNiIsIm5hbWUiOiJbT0ZSXSBQckRfRkZfQ291c2FnZV9QaGFzZTFfRU4iLCJpdGVtU2VsZWN0aW9uIjp7InNlbGVjdGlvbkRldGFpbCI6eyJzZWxlY3Rpb25UeXBlIjoibWFudWFsIiwidmVyc2lvbiI6ImxhdGVzdCJ9fSwidG9rZW4iOiJqcFFIRTVwN0FTbGZBMFI5eDVmUzNnIn1dfV0="},"correlationID":"21617def-cb64-4d77-a309-6bef73b3feca-0","decisionProvider":"AJO","rank":5,"strategies":[{"step":"passthroughActions","strategyID":"17da5b6a-5841-499c-81d9-4b5bb9ca0f23#3edb1997-bf0a-435c-a254-129f5aa290ac, 14e68667-b036-4890-b95b-af3b145acd7d#4ba9ecea-0971-435a-91ab-37fd2a46436a, 189b67e0-44bf-4968-8f3a-936b481d9ecd#3edb1997-bf0a-435c-a254-129f5aa290ac, d298ac49-f6c4-4c10-afb4-bf044f34d539#4ba9ecea-0971-435a-91ab-37fd2a46436a"}]}},"refreshTimestamp":"2026-07-15T21:08:41.250Z","rootAssetMetadata":[{"contentType":"application/octet-stream","dependencies":[],"fileExtension":"","filename":"","id":20260,"isPersonalized":false,"refreshTimestamp":"2026-07-15T21:08:41.264Z","url":"No Content"}],"sortOrder":1,"source":"surface","status":"ready","tags":["DP_Tool_Techniques_v1"],"xdm":{"_adobe_corpnew":{"app":{"installedApplications":[{"id":"PPRO","language":"en-US","majorVersion":26,"minorVersion":3,"name":"Premiere Pro","patchVersion":0,"version":"26.3.0.93"}],"language":"en-US"}},"application":{"id":"CCXP","name":"CCX Process","version":"7.8.0.2"},"device":{"platform":"winx86_64","type":"desktop"},"environment":{"_dc":{"language":"en-US"},"browserDetails":{"userAgentClientHints":{"platform":"winx86_64"}},"operatingSystem":"Windows","operatingSystemVersion":"10.0.26200"},"eventType":"personalization.request"}},"errorMessage":"NoTargetingCampaign","errorCode":30002}],"surfaceAnalyticsData":{"surfaceId":"DP_Tool_Techniques_v1"}},"in_app_contextual_notifications":{"failedContainers":[{"gsdkEnabledContent":true,"containerId":1,"containerLabel":"In-App Contextual Notifications","containerAnalyticsData":{"variationId":"21617def-cb64-4d77-a309-6bef73b3feca-0:::17da5b6a-5841-499c-81d9-4b5bb9ca0f23#3edb1997-bf0a-435c-a254-129f5aa290ac, 14e68667-b036-4890-b95b-af3b145acd7d#4ba9ecea-0971-435a-91ab-37fd2a46436a, 189b67e0-44bf-4968-8f3a-936b481d9ecd#3edb1997-bf0a-435c-a254-129f5aa290ac, d298ac49-f6c4-4c10-afb4-bf044f34d539#4ba9ecea-0971-435a-91ab-37fd2a46436a::::::f8f359d2-c1ae-40f7-9e06-66366ba7174a","actionBlockId":"f8f359d2-c1ae-40f7-9e06-66366ba7174a","campaignId":"02b682d0-a6b1-4df8-8722-a63c771198d0#3edb1997-bf0a-435c-a254-129f5aa290ac:::","containerStatus":"ready-In-App Contextual Notifications"},"gsdkStatus":"ready","gsdkContent":{"campaignState":"NoTargetingCampaign","consumer":{"code":"PPRO","id":82,"language":"en-US","name":"Premiere Pro","version":"26.3.0.93"},"container":{"lastUpdated":"2026-02-06T22:42:53.130Z","name":"In-App Contextual Notifications"},"id":10819,"monitoringData":{"exp.action_block_id":"f8f359d2-c1ae-40f7-9e06-66366ba7174a","exp.campaign_id":"02b682d0-a6b1-4df8-8722-a63c771198d0#3edb1997-bf0a-435c-a254-129f5aa290ac:::","exp.experience_id":"02b682d0-a6b1-4df8-8722-a63c771198d0#3edb1997-bf0a-435c-a254-129f5aa290ac","exp.request_guid":"c1308954-1142-41c0-adc8-35caf3c49c68","exp.response_guid":"4519ac40-f8fe-4549-bac8-3af48f1b0e2c","exp.surface_id":"4519ac40-f8fe-4549-bac8-3af48f1b0e2c","exp.variation_id":"21617def-cb64-4d77-a309-6bef73b3feca-0:::17da5b6a-5841-499c-81d9-4b5bb9ca0f23#3edb1997-bf0a-435c-a254-129f5aa290ac, 14e68667-b036-4890-b95b-af3b145acd7d#4ba9ecea-0971-435a-91ab-37fd2a46436a, 189b67e0-44bf-4968-8f3a-936b481d9ecd#3edb1997-bf0a-435c-a254-129f5aa290ac, d298ac49-f6c4-4c10-afb4-bf044f34d539#4ba9ecea-0971-435a-91ab-37fd2a46436a::::::f8f359d2-c1ae-40f7-9e06-66366ba7174a"},"proposition":{"id":"4519ac40-f8fe-4549-bac8-3af48f1b0e2c","items":[{"data":{"content":{"dp_ccn":"No Content","dp_core":"No Content","dp_dynamic_template":"No Content","dp_learn":"No Content","dp_tool_tech":"No Content","hs_3_1_inapp_tutorial":"https://utut-service.adobe.com/api/ututs?api_key=UtutSophiaCampaign1&metadata.platforms[]=in-app&status=live&metadata.application.sap_code=PPRO&locale=en_US&aem_id=premiere-pro/how-to/in-app/040-save-time-with-different-preview-options-in-premiere-pro&aem_id=premiere-pro/how-to/in-app/try-generative-extend&aem_id=premiere-pro/how-to/in-app/animation-basics&aem_id=premiere-pro/how-to/in-app/create-rough-cut-text-based-edit&aem_id=premiere-pro/how-to/in-app/036-make-beauty-spots-sparkle&aem_id=premiere-pro/how-to/in-app/cut-to-the-beat&aem_id=premiere-pro/how-to/in-app/020-add-speed-ramping&aem_id=premiere-pro/how-to/in-app/032-make-food-colors-pop","hs_3_1_user_intent_dialog":"No Content","hs_3_1_web_tutorial":"https://utut-service.adobe.com/api/recommendation/tutorial/123?metadata.application.sap_code=PPRO&locale=en_US&metadata.platforms=helpx&api_key=EngagementStream1&max_tutorials=15","hs_4_0_profile_base":"No Content","hs_4_0_toast":"No Content","hs_4_0_touts":"https://odin.adobe.com/content/dam/ccfirstmile/PPRO/en_US/ExperienceHomeMX24/pr-2026-04-firefly-cousage-experience-Phase1.cfm.gql.json","hs_4_0_view_plans":"No Content","hs_4_0_whats_new":"https://odin.adobe.com/content/dam/ccfirstmile/PPRO/en_US/componentWhatsNewToastal/Pr-GA-Apr-26-Multicard-WN-3553.cfm.gql.json","lcm_learn":"No Content","pes_atlas":"No Content","pes_browse_learn":"No Content","pes_features":"No Content","pes_whats_new":"No Content"}},"id":"f8f359d2-c1ae-40f7-9e06-66366ba7174a","schema":"https://ns.adobe.com/personalization/json-content-item"}],"scope":"adbpr://desktop","scopeDetails":{"activity":{"id":"02b682d0-a6b1-4df8-8722-a63c771198d0#3edb1997-bf0a-435c-a254-129f5aa290ac","matchedSurfaces":["adbpr://desktop/"],"priority":45},"characteristics":{"eventToken":"eyJtZXNzYWdlRXhlY3V0aW9uIjp7Im1lc3NhZ2VFeGVjdXRpb25JRCI6IlVFOkluYm91bmQiLCJtZXNzYWdlSUQiOiI1ZTllYzk4Yi1lMDk2LTQ5NGMtYTIwOS01ZGRhZjUxNzc4NGYiLCJtZXNzYWdlUHVibGljYXRpb25JRCI6IjIxNjE3ZGVmLWNiNjQtNGQ3Ny1hMzA5LTZiZWY3M2IzZmVjYSIsIm1lc3NhZ2VUeXBlIjoibWFya2V0aW5nIiwiY2FtcGFpZ25JRCI6IjAyYjY4MmQwLWE2YjEtNGRmOC04NzIyLWE2M2M3NzExOThkMCIsImNhbXBhaWduVmVyc2lvbklEIjoiYTRhM2E0NGUtODQyNy00OWViLTg4NjUtYzc2OGE1NGM3OGU1IiwiY2FtcGFpZ25BY3Rpb25JRCI6IjNlZGIxOTk3LWJmMGEtNDM1Yy1hMjU0LTEyOWY1YWEyOTBhYyJ9LCJtZXNzYWdlUHJvZmlsZSI6eyJtZXNzYWdlUHJvZmlsZUlEIjoiOWU3ODJkMzMtMTZmNS00ZGFkLWFkOTEtNjgwNzc4NDNmYjhkIiwiY2hhbm5lbCI6eyJfaWQiOiJodHRwczovL25zLmFkb2JlLmNvbS94ZG0vY2hhbm5lbHMvY29kZSIsIl90eXBlIjoiaHR0cHM6Ly9ucy5hZG9iZS5jb20veGRtL2NoYW5uZWwtdHlwZXMvY29kZSJ9fX0=","subPropositions":"W3siaWQiOiIyYzdlMjJiYS02ODJkLTQyZGYtODRmNy0yYWU4YjRlNWYxY2MiLCJzY29wZSI6ImFkYnByOi8vZGVza3RvcCIsInNjb3BlRGV0YWlscyI6eyJkZWNpc2lvblByb3ZpZGVyIjoiRVhEIiwiY29ycmVsYXRpb25JRCI6IjIxNjE3ZGVmLWNiNjQtNGQ3Ny1hMzA5LTZiZWY3M2IzZmVjYS0wIiwic3RyYXRlZ2llcyI6W3sic3RyYXRlZ3lJRCI6IjQ5ODVjNWFkLTI4OGUtNDlmYS1hMDc2LTNmOTM2ZGY4YmQ1NyIsInN0ZXAiOiJkZWNpc2lvblBvbGljeSJ9LHsic3RyYXRlZ3lJRCI6ImFkYnByOi8vZGVza3RvcCIsInN0ZXAiOiJwbGFjZW1lbnQifV0sInJhbmsiOjUsImFjdGl2aXR5Ijp7ImlkIjoiMDJiNjgyZDAtYTZiMS00ZGY4LTg3MjItYTYzYzc3MTE5OGQwIzNlZGIxOTk3LWJmMGEtNDM1Yy1hMjU0LTEyOWY1YWEyOTBhYyIsInByaW9yaXR5Ijo0NSwibWF0Y2hlZFN1cmZhY2VzIjpbImFkYnByOi8vZGVza3RvcC8iXX19LCJpdGVtcyI6W3siaWQiOiJkcHM6MzJiZmZmZmRmNmM0ZTA0NjgxMDBkMTJhOTgxZWVlNDAxYzViNWEzZjk3YjdjYmZkOjFjNzc3OWNmYTNlNGI3MzgiLCJldGFnIjoiNiIsIm5hbWUiOiJbT0ZSXSBQckRfRkZfQ291c2FnZV9QaGFzZTFfRU4iLCJpdGVtU2VsZWN0aW9uIjp7InNlbGVjdGlvbkRldGFpbCI6eyJzZWxlY3Rpb25UeXBlIjoibWFudWFsIiwidmVyc2lvbiI6ImxhdGVzdCJ9fSwidG9rZW4iOiJqcFFIRTVwN0FTbGZBMFI5eDVmUzNnIn1dfV0="},"correlationID":"21617def-cb64-4d77-a309-6bef73b3feca-0","decisionProvider":"AJO","rank":5,"strategies":[{"step":"passthroughActions","strategyID":"17da5b6a-5841-499c-81d9-4b5bb9ca0f23#3edb1997-bf0a-435c-a254-129f5aa290ac, 14e68667-b036-4890-b95b-af3b145acd7d#4ba9ecea-0971-435a-91ab-37fd2a46436a, 189b67e0-44bf-4968-8f3a-936b481d9ecd#3edb1997-bf0a-435c-a254-129f5aa290ac, d298ac49-f6c4-4c10-afb4-bf044f34d539#4ba9ecea-0971-435a-91ab-37fd2a46436a"}]}},"refreshTimestamp":"2026-07-15T21:08:41.250Z","rootAssetMetadata":[{"contentType":"application/octet-stream","dependencies":[],"fileExtension":"","filename":"","id":20259,"isPersonalized":false,"refreshTimestamp":"2026-07-15T21:08:41.264Z","url":"No Content"}],"sortOrder":1,"source":"surface","status":"ready","tags":["in_app_contextual_notifications"],"xdm":{"_adobe_corpnew":{"app":{"installedApplications":[{"id":"PPRO","language":"en-US","majorVersion":26,"minorVersion":3,"name":"Premiere Pro","patchVersion":0,"version":"26.3.0.93"}],"language":"en-US"}},"application":{"id":"CCXP","name":"CCX Process","version":"7.8.0.2"},"device":{"platform":"winx86_64","type":"desktop"},"environment":{"_dc":{"language":"en-US"},"browserDetails":{"userAgentClientHints":{"platform":"winx86_64"}},"operatingSystem":"Windows","operatingSystemVersion":"10.0.26200"},"eventType":"personalization.request"}},"errorMessage":"NoTargetingCampaign","errorCode":30002},{"gsdkEnabledContent":true,"containerId":2,"containerLabel":"Dynamic DP Modes","containerAnalyticsData":{"variationId":"21617def-cb64-4d77-a309-6bef73b3feca-0:::17da5b6a-5841-499c-81d9-4b5bb9ca0f23#3edb1997-bf0a-435c-a254-129f5aa290ac, 14e68667-b036-4890-b95b-af3b145acd7d#4ba9ecea-0971-435a-91ab-37fd2a46436a, 189b67e0-44bf-4968-8f3a-936b481d9ecd#3edb1997-bf0a-435c-a254-129f5aa290ac, d298ac49-f6c4-4c10-afb4-bf044f34d539#4ba9ecea-0971-435a-91ab-37fd2a46436a::::::f8f359d2-c1ae-40f7-9e06-66366ba7174a","actionBlockId":"f8f359d2-c1ae-40f7-9e06-66366ba7174a","campaignId":"02b682d0-a6b1-4df8-8722-a63c771198d0#3edb1997-bf0a-435c-a254-129f5aa290ac:::","containerStatus":"ready-Dynamic DP Modes"},"gsdkStatus":"ready","gsdkContent":{"campaignState":"NoTargetingCampaign","consumer":{"code":"PPRO","id":82,"language":"en-US","name":"Premiere Pro","version":"26.3.0.93"},"container":{"lastUpdated":"2026-02-06T22:42:53.130Z","name":"Dynamic DP Modes"},"id":10821,"monitoringData":{"exp.action_block_id":"f8f359d2-c1ae-40f7-9e06-66366ba7174a","exp.campaign_id":"02b682d0-a6b1-4df8-8722-a63c771198d0#3edb1997-bf0a-435c-a254-129f5aa290ac:::","exp.experience_id":"02b682d0-a6b1-4df8-8722-a63c771198d0#3edb1997-bf0a-435c-a254-129f5aa290ac","exp.request_guid":"c1308954-1142-41c0-adc8-35caf3c49c68","exp.response_guid":"4519ac40-f8fe-4549-bac8-3af48f1b0e2c","exp.surface_id":"4519ac40-f8fe-4549-bac8-3af48f1b0e2c","exp.variation_id":"21617def-cb64-4d77-a309-6bef73b3feca-0:::17da5b6a-5841-499c-81d9-4b5bb9ca0f23#3edb1997-bf0a-435c-a254-129f5aa290ac, 14e68667-b036-4890-b95b-af3b145acd7d#4ba9ecea-0971-435a-91ab-37fd2a46436a, 189b67e0-44bf-4968-8f3a-936b481d9ecd#3edb1997-bf0a-435c-a254-129f5aa290ac, d298ac49-f6c4-4c10-afb4-bf044f34d539#4ba9ecea-0971-435a-91ab-37fd2a46436a::::::f8f359d2-c1ae-40f7-9e06-66366ba7174a"},"proposition":{"id":"4519ac40-f8fe-4549-bac8-3af48f1b0e2c","items":[{"data":{"content":{"dp_ccn":"No Content","dp_core":"No Content","dp_dynamic_template":"No Content","dp_learn":"No Content","dp_tool_tech":"No Content","hs_3_1_inapp_tutorial":"https://utut-service.adobe.com/api/ututs?api_key=UtutSophiaCampaign1&metadata.platforms[]=in-app&status=live&metadata.application.sap_code=PPRO&locale=en_US&aem_id=premiere-pro/how-to/in-app/040-save-time-with-different-preview-options-in-premiere-pro&aem_id=premiere-pro/how-to/in-app/try-generative-extend&aem_id=premiere-pro/how-to/in-app/animation-basics&aem_id=premiere-pro/how-to/in-app/create-rough-cut-text-based-edit&aem_id=premiere-pro/how-to/in-app/036-make-beauty-spots-sparkle&aem_id=premiere-pro/how-to/in-app/cut-to-the-beat&aem_id=premiere-pro/how-to/in-app/020-add-speed-ramping&aem_id=premiere-pro/how-to/in-app/032-make-food-colors-pop","hs_3_1_user_intent_dialog":"No Content","hs_3_1_web_tutorial":"https://utut-service.adobe.com/api/recommendation/tutorial/123?metadata.application.sap_code=PPRO&locale=en_US&metadata.platforms=helpx&api_key=EngagementStream1&max_tutorials=15","hs_4_0_profile_base":"No Content","hs_4_0_toast":"No Content","hs_4_0_touts":"https://odin.adobe.com/content/dam/ccfirstmile/PPRO/en_US/ExperienceHomeMX24/pr-2026-04-firefly-cousage-experience-Phase1.cfm.gql.json","hs_4_0_view_plans":"No Content","hs_4_0_whats_new":"https://odin.adobe.com/content/dam/ccfirstmile/PPRO/en_US/componentWhatsNewToastal/Pr-GA-Apr-26-Multicard-WN-3553.cfm.gql.json","lcm_learn":"No Content","pes_atlas":"No Content","pes_browse_learn":"No Content","pes_features":"No Content","pes_whats_new":"No Content"}},"id":"f8f359d2-c1ae-40f7-9e06-66366ba7174a","schema":"https://ns.adobe.com/personalization/json-content-item"}],"scope":"adbpr://desktop","scopeDetails":{"activity":{"id":"02b682d0-a6b1-4df8-8722-a63c771198d0#3edb1997-bf0a-435c-a254-129f5aa290ac","matchedSurfaces":["adbpr://desktop/"],"priority":45},"characteristics":{"eventToken":"eyJtZXNzYWdlRXhlY3V0aW9uIjp7Im1lc3NhZ2VFeGVjdXRpb25JRCI6IlVFOkluYm91bmQiLCJtZXNzYWdlSUQiOiI1ZTllYzk4Yi1lMDk2LTQ5NGMtYTIwOS01ZGRhZjUxNzc4NGYiLCJtZXNzYWdlUHVibGljYXRpb25JRCI6IjIxNjE3ZGVmLWNiNjQtNGQ3Ny1hMzA5LTZiZWY3M2IzZmVjYSIsIm1lc3NhZ2VUeXBlIjoibWFya2V0aW5nIiwiY2FtcGFpZ25JRCI6IjAyYjY4MmQwLWE2YjEtNGRmOC04NzIyLWE2M2M3NzExOThkMCIsImNhbXBhaWduVmVyc2lvbklEIjoiYTRhM2E0NGUtODQyNy00OWViLTg4NjUtYzc2OGE1NGM3OGU1IiwiY2FtcGFpZ25BY3Rpb25JRCI6IjNlZGIxOTk3LWJmMGEtNDM1Yy1hMjU0LTEyOWY1YWEyOTBhYyJ9LCJtZXNzYWdlUHJvZmlsZSI6eyJtZXNzYWdlUHJvZmlsZUlEIjoiOWU3ODJkMzMtMTZmNS00ZGFkLWFkOTEtNjgwNzc4NDNmYjhkIiwiY2hhbm5lbCI6eyJfaWQiOiJodHRwczovL25zLmFkb2JlLmNvbS94ZG0vY2hhbm5lbHMvY29kZSIsIl90eXBlIjoiaHR0cHM6Ly9ucy5hZG9iZS5jb20veGRtL2NoYW5uZWwtdHlwZXMvY29kZSJ9fX0=","subPropositions":"W3siaWQiOiIyYzdlMjJiYS02ODJkLTQyZGYtODRmNy0yYWU4YjRlNWYxY2MiLCJzY29wZSI6ImFkYnByOi8vZGVza3RvcCIsInNjb3BlRGV0YWlscyI6eyJkZWNpc2lvblByb3ZpZGVyIjoiRVhEIiwiY29ycmVsYXRpb25JRCI6IjIxNjE3ZGVmLWNiNjQtNGQ3Ny1hMzA5LTZiZWY3M2IzZmVjYS0wIiwic3RyYXRlZ2llcyI6W3sic3RyYXRlZ3lJRCI6IjQ5ODVjNWFkLTI4OGUtNDlmYS1hMDc2LTNmOTM2ZGY4YmQ1NyIsInN0ZXAiOiJkZWNpc2lvblBvbGljeSJ9LHsic3RyYXRlZ3lJRCI6ImFkYnByOi8vZGVza3RvcCIsInN0ZXAiOiJwbGFjZW1lbnQifV0sInJhbmsiOjUsImFjdGl2aXR5Ijp7ImlkIjoiMDJiNjgyZDAtYTZiMS00ZGY4LTg3MjItYTYzYzc3MTE5OGQwIzNlZGIxOTk3LWJmMGEtNDM1Yy1hMjU0LTEyOWY1YWEyOTBhYyIsInByaW9yaXR5Ijo0NSwibWF0Y2hlZFN1cmZhY2VzIjpbImFkYnByOi8vZGVza3RvcC8iXX19LCJpdGVtcyI6W3siaWQiOiJkcHM6MzJiZmZmZmRmNmM0ZTA0NjgxMDBkMTJhOTgxZWVlNDAxYzViNWEzZjk3YjdjYmZkOjFjNzc3OWNmYTNlNGI3MzgiLCJldGFnIjoiNiIsIm5hbWUiOiJbT0ZSXSBQckRfRkZfQ291c2FnZV9QaGFzZTFfRU4iLCJpdGVtU2VsZWN0aW9uIjp7InNlbGVjdGlvbkRldGFpbCI6eyJzZWxlY3Rpb25UeXBlIjoibWFudWFsIiwidmVyc2lvbiI6ImxhdGVzdCJ9fSwidG9rZW4iOiJqcFFIRTVwN0FTbGZBMFI5eDVmUzNnIn1dfV0="},"correlationID":"21617def-cb64-4d77-a309-6bef73b3feca-0","decisionProvider":"AJO","rank":5,"strategies":[{"step":"passthroughActions","strategyID":"17da5b6a-5841-499c-81d9-4b5bb9ca0f23#3edb1997-bf0a-435c-a254-129f5aa290ac, 14e68667-b036-4890-b95b-af3b145acd7d#4ba9ecea-0971-435a-91ab-37fd2a46436a, 189b67e0-44bf-4968-8f3a-936b481d9ecd#3edb1997-bf0a-435c-a254-129f5aa290ac, d298ac49-f6c4-4c10-afb4-bf044f34d539#4ba9ecea-0971-435a-91ab-37fd2a46436a"}]}},"refreshTimestamp":"2026-07-15T21:08:41.250Z","rootAssetMetadata":[{"contentType":"application/octet-stream","dependencies":[],"fileExtension":"","filename":"","id":20261,"isPersonalized":false,"refreshTimestamp":"2026-07-15T21:08:41.264Z","url":"No Content"}],"sortOrder":2,"source":"surface","status":"ready","tags":["in_app_contextual_notifications"],"xdm":{"_adobe_corpnew":{"app":{"installedApplications":[{"id":"PPRO","language":"en-US","majorVersion":26,"minorVersion":3,"name":"Premiere Pro","patchVersion":0,"version":"26.3.0.93"}],"language":"en-US"}},"application":{"id":"CCXP","name":"CCX Process","version":"7.8.0.2"},"device":{"platform":"winx86_64","type":"desktop"},"environment":{"_dc":{"language":"en-US"},"browserDetails":{"userAgentClientHints":{"platform":"winx86_64"}},"operatingSystem":"Windows","operatingSystemVersion":"10.0.26200"},"eventType":"personalization.request"}},"errorMessage":"NoTargetingCampaign","errorCode":30002}],"surfaceAnalyticsData":{"surfaceId":"in_app_contextual_notifications"}}},"_ccx":{"version":1}}
[2026-07-16_14-14-17][38660][Error] [console] [DP] Error: in_app_contextual_notifications surface has no containers. {"expirationDTS":"2026-07-17T21:09:11.509Z","surfaces":{"Discover_Panel":{"failedContainers":[{"gsdkEnabledContent":true,"containerId":1,"containerLabel":"Discover Panel","containerAnalyticsData":{"variationId":"21617def-cb64-4d77-a309-6bef73b3feca-0:::17da5b6a-5841-499c-81d9-4b5bb9ca0f23#3edb1997-bf0a-435c-a254-129f5aa290ac, 14e68667-b036-4890-b95b-af3b145acd7d#4ba9ecea-0971-435a-91ab-37fd2a46436a, 189b67e0-44bf-4968-8f3a-936b481d9ecd#3edb1997-bf0a-435c-a254-129f5aa290ac, d298ac49-f6c4-4c10-afb4-bf044f34d539#4ba9ecea-0971-435a-91ab-37fd2a46436a::::::f8f359d2-c1ae-40f7-9e06-66366ba7174a","actionBlockId":"f8f359d2-c1ae-40f7-9e06-66366ba7174a","campaignId":"02b682d0-a6b1-4df8-8722-a63c771198d0#3edb1997-bf0a-435c-a254-129f5aa290ac:::","containerStatus":"ready-Discover Panel"},"gsdkStatus":"ready","gsdkContent":{"campaignState":"NoTargetingCampaign","consumer":{"code":"PPRO","id":82,"language":"en-US","name":"Premiere Pro","version":"26.3.0.93"},"container":{"lastUpdated":"2026-02-06T22:42:53.130Z","name":"Discover Panel"},"id":10824,"monitoringData":{"exp.action_block_id":"f8f359d2-c1ae-40f7-9e06-66366ba7174a","exp.campaign_id":"02b682d0-a6b1-4df8-8722-a63c771198d0#3edb1997-bf0a-435c-a254-129f5aa290ac:::","exp.experience_id":"02b682d0-a6b1-4df8-8722-a63c771198d0#3edb1997-bf0a-435c-a254-129f5aa290ac","exp.request_guid":"c1308954-1142-41c0-adc8-35caf3c49c68","exp.response_guid":"4519ac40-f8fe-4549-bac8-3af48f1b0e2c","exp.surface_id":"4519ac40-f8fe-4549-bac8-3af48f1b0e2c","exp.variation_id":"21617def-cb64-4d77-a309-6bef73b3feca-0:::17da5b6a-5841-499c-81d9-4b5bb9ca0f23#3edb1997-bf0a-435c-a254-129f5aa290ac, 14e68667-b036-4890-b95b-af3b145acd7d#4ba9ecea-0971-435a-91ab-37fd2a46436a, 189b67e0-44bf-4968-8f3a-936b481d9ecd#3edb1997-bf0a-435c-a254-129f5aa290ac, d298ac49-f6c4-4c10-afb4-bf044f34d539#4ba9ecea-0971-435a-91ab-37fd2a46436a::::::f8f359d2-c1ae-40f7-9e06-66366ba7174a"},"proposition":{"id":"4519ac40-f8fe-4549-bac8-3af48f1b0e2c","items":[{"data":{"content":{"dp_ccn":"No Content","dp_core":"No Content","dp_dynamic_template":"No Content","dp_learn":"No Content","dp_tool_tech":"No Content","hs_3_1_inapp_tutorial":"https://utut-service.adobe.com/api/ututs?api_key=UtutSophiaCampaign1&metadata.platforms[]=in-app&status=live&metadata.application.sap_code=PPRO&locale=en_US&aem_id=premiere-pro/how-to/in-app/040-save-time-with-different-preview-options-in-premiere-pro&aem_id=premiere-pro/how-to/in-app/try-generative-extend&aem_id=premiere-pro/how-to/in-app/animation-basics&aem_id=premiere-pro/how-to/in-app/create-rough-cut-text-based-edit&aem_id=premiere-pro/how-to/in-app/036-make-beauty-spots-sparkle&aem_id=premiere-pro/how-to/in-app/cut-to-the-beat&aem_id=premiere-pro/how-to/in-app/020-add-speed-ramping&aem_id=premiere-pro/how-to/in-app/032-make-food-colors-pop","hs_3_1_user_intent_dialog":"No Content","hs_3_1_web_tutorial":"https://utut-service.adobe.com/api/recommendation/tutorial/123?metadata.application.sap_code=PPRO&locale=en_US&metadata.platforms=helpx&api_key=EngagementStream1&max_tutorials=15","hs_4_0_profile_base":"No Content","hs_4_0_toast":"No Content","hs_4_0_touts":"https://odin.adobe.com/content/dam/ccfirstmile/PPRO/en_US/ExperienceHomeMX24/pr-2026-04-firefly-cousage-experience-Phase1.cfm.gql.json","hs_4_0_view_plans":"No Content","hs_4_0_whats_new":"https://odin.adobe.com/content/dam/ccfirstmile/PPRO/en_US/componentWhatsNewToastal/Pr-GA-Apr-26-Multicard-WN-3553.cfm.gql.json","lcm_learn":"No Content","pes_atlas":"No Content","pes_browse_learn":"No Content","pes_features":"No Content","pes_whats_new":"No Content"}},"id":"f8f359d2-c1ae-40f7-9e06-66366ba7174a","schema":"https://ns.adobe.com/personalization/json-content-item"}],"scope":"adbpr://desktop","scopeDetails":{"activity":{"id":"02b682d0-a6b1-4df8-8722-a63c771198d0#3edb1997-bf0a-435c-a254-129f5aa290ac","matchedSurfaces":["adbpr://desktop/"],"priority":45},"characteristics":{"eventToken":"eyJtZXNzYWdlRXhlY3V0aW9uIjp7Im1lc3NhZ2VFeGVjdXRpb25JRCI6IlVFOkluYm91bmQiLCJtZXNzYWdlSUQiOiI1ZTllYzk4Yi1lMDk2LTQ5NGMtYTIwOS01ZGRhZjUxNzc4NGYiLCJtZXNzYWdlUHVibGljYXRpb25JRCI6IjIxNjE3ZGVmLWNiNjQtNGQ3Ny1hMzA5LTZiZWY3M2IzZmVjYSIsIm1lc3NhZ2VUeXBlIjoibWFya2V0aW5nIiwiY2FtcGFpZ25JRCI6IjAyYjY4MmQwLWE2YjEtNGRmOC04NzIyLWE2M2M3NzExOThkMCIsImNhbXBhaWduVmVyc2lvbklEIjoiYTRhM2E0NGUtODQyNy00OWViLTg4NjUtYzc2OGE1NGM3OGU1IiwiY2FtcGFpZ25BY3Rpb25JRCI6IjNlZGIxOTk3LWJmMGEtNDM1Yy1hMjU0LTEyOWY1YWEyOTBhYyJ9LCJtZXNzYWdlUHJvZmlsZSI6eyJtZXNzYWdlUHJvZmlsZUlEIjoiOWU3ODJkMzMtMTZmNS00ZGFkLWFkOTEtNjgwNzc4NDNmYjhkIiwiY2hhbm5lbCI6eyJfaWQiOiJodHRwczovL25zLmFkb2JlLmNvbS94ZG0vY2hhbm5lbHMvY29kZSIsIl90eXBlIjoiaHR0cHM6Ly9ucy5hZG9iZS5jb20veGRtL2NoYW5uZWwtdHlwZXMvY29kZSJ9fX0=","subPropositions":"W3siaWQiOiIyYzdlMjJiYS02ODJkLTQyZGYtODRmNy0yYWU4YjRlNWYxY2MiLCJzY29wZSI6ImFkYnByOi8vZGVza3RvcCIsInNjb3BlRGV0YWlscyI6eyJkZWNpc2lvblByb3ZpZGVyIjoiRVhEIiwiY29ycmVsYXRpb25JRCI6IjIxNjE3ZGVmLWNiNjQtNGQ3Ny1hMzA5LTZiZWY3M2IzZmVjYS0wIiwic3RyYXRlZ2llcyI6W3sic3RyYXRlZ3lJRCI6IjQ5ODVjNWFkLTI4OGUtNDlmYS1hMDc2LTNmOTM2ZGY4YmQ1NyIsInN0ZXAiOiJkZWNpc2lvblBvbGljeSJ9LHsic3RyYXRlZ3lJRCI6ImFkYnByOi8vZGVza3RvcCIsInN0ZXAiOiJwbGFjZW1lbnQifV0sInJhbmsiOjUsImFjdGl2aXR5Ijp7ImlkIjoiMDJiNjgyZDAtYTZiMS00ZGY4LTg3MjItYTYzYzc3MTE5OGQwIzNlZGIxOTk3LWJmMGEtNDM1Yy1hMjU0LTEyOWY1YWEyOTBhYyIsInByaW9yaXR5Ijo0NSwibWF0Y2hlZFN1cmZhY2VzIjpbImFkYnByOi8vZGVza3RvcC8iXX19LCJpdGVtcyI6W3siaWQiOiJkcHM6MzJiZmZmZmRmNmM0ZTA0NjgxMDBkMTJhOTgxZWVlNDAxYzViNWEzZjk3YjdjYmZkOjFjNzc3OWNmYTNlNGI3MzgiLCJldGFnIjoiNiIsIm5hbWUiOiJbT0ZSXSBQckRfRkZfQ291c2FnZV9QaGFzZTFfRU4iLCJpdGVtU2VsZWN0aW9uIjp7InNlbGVjdGlvbkRldGFpbCI6eyJzZWxlY3Rpb25UeXBlIjoibWFudWFsIiwidmVyc2lvbiI6ImxhdGVzdCJ9fSwidG9rZW4iOiJqcFFIRTVwN0FTbGZBMFI5eDVmUzNnIn1dfV0="},"correlationID":"21617def-cb64-4d77-a309-6bef73b3feca-0","decisionProvider":"AJO","rank":5,"strategies":[{"step":"passthroughActions","strategyID":"17da5b6a-5841-499c-81d9-4b5bb9ca0f23#3edb1997-bf0a-435c-a254-129f5aa290ac, 14e68667-b036-4890-b95b-af3b145acd7d#4ba9ecea-0971-435a-91ab-37fd2a46436a, 189b67e0-44bf-4968-8f3a-936b481d9ecd#3edb1997-bf0a-435c-a254-129f5aa290ac, d298ac49-f6c4-4c10-afb4-bf044f34d539#4ba9ecea-0971-435a-91ab-37fd2a46436a"}]}},"refreshTimestamp":"2026-07-15T21:08:41.250Z","rootAssetMetadata":[{"contentType":"application/octet-stream","dependencies":[],"fileExtension":"","filename":"","id":20264,"isPersonalized":false,"refreshTimestamp":"2026-07-15T21:08:41.264Z","url":"No Content"}],"sortOrder":1,"source":"surface","status":"ready","tags":["Discover_Panel"],"xdm":{"_adobe_corpnew":{"app":{"installedApplications":[{"id":"PPRO","language":"en-US","majorVersion":26,"minorVersion":3,"name":"Premiere Pro","patchVersion":0,"version":"26.3.0.93"}],"language":"en-US"}},"application":{"id":"CCXP","name":"CCX Process","version":"7.8.0.2"},"device":{"platform":"winx86_64","type":"desktop"},"environment":{"_dc":{"language":"en-US"},"browserDetails":{"userAgentClientHints":{"platform":"winx86_64"}},"operatingSystem":"Windows","operatingSystemVersion":"10.0.26200"},"eventType":"personalization.request"}},"errorMessage":"NoTargetingCampaign","errorCode":30002},{"gsdkEnabledContent":true,"containerId":2,"containerLabel":"Four Habits","containerAnalyticsData":{"variationId":"21617def-cb64-4d77-a309-6bef73b3feca-0:::17da5b6a-5841-499c-81d9-4b5bb9ca0f23#3edb1997-bf0a-435c-a254-129f5aa290ac, 14e68667-b036-4890-b95b-af3b145acd7d#4ba9ecea-0971-435a-91ab-37fd2a46436a, 189b67e0-44bf-4968-8f3a-936b481d9ecd#3edb1997-bf0a-435c-a254-129f5aa290ac, d298ac49-f6c4-4c10-afb4-bf044f34d539#4ba9ecea-0971-435a-91ab-37fd2a46436a::::::f8f359d2-c1ae-40f7-9e06-66366ba7174a","actionBlockId":"f8f359d2-c1ae-40f7-9e06-66366ba7174a","campaignId":"02b682d0-a6b1-4df8-8722-a63c771198d0#3edb1997-bf0a-435c-a254-129f5aa290ac:::","containerStatus":"ready-Four Habits"},"gsdkStatus":"ready","gsdkContent":{"campaignState":"NoTargetingCampaign","consumer":{"code":"PPRO","id":82,"language":"en-US","name":"Premiere Pro","version":"26.3.0.93"},"container":{"lastUpdated":"2026-02-06T22:42:53.130Z","name":"Four Habits"},"id":10827,"monitoringData":{"exp.action_block_id":"f8f359d2-c1ae-40f7-9e06-66366ba7174a","exp.campaign_id":"02b682d0-a6b1-4df8-8722-a63c771198d0#3edb1997-bf0a-435c-a254-129f5aa290ac:::","exp.experience_id":"02b682d0-a6b1-4df8-8722-a63c771198d0#3edb1997-bf0a-435c-a254-129f5aa290ac","exp.request_guid":"c1308954-1142-41c0-adc8-35caf3c49c68","exp.response_guid":"4519ac40-f8fe-4549-bac8-3af48f1b0e2c","exp.surface_id":"4519ac40-f8fe-4549-bac8-3af48f1b0e2c","exp.variation_id":"21617def-cb64-4d77-a309-6bef73b3feca-0:::17da5b6a-5841-499c-81d9-4b5bb9ca0f23#3edb1997-bf0a-435c-a254-129f5aa290ac, 14e68667-b036-4890-b95b-af3b145acd7d#4ba9ecea-0971-435a-91ab-37fd2a46436a, 189b67e0-44bf-4968-8f3a-936b481d9ecd#3edb1997-bf0a-435c-a254-129f5aa290ac, d298ac49-f6c4-4c10-afb4-bf044f34d539#4ba9ecea-0971-435a-91ab-37fd2a46436a::::::f8f359d2-c1ae-40f7-9e06-66366ba7174a"},"proposition":{"id":"4519ac40-f8fe-4549-bac8-3af48f1b0e2c","items":[{"data":{"content":{"dp_ccn":"No Content","dp_core":"No Content","dp_dynamic_template":"No Content","dp_learn":"No Content","dp_tool_tech":"No Content","hs_3_1_inapp_tutorial":"https://utut-service.adobe.com/api/ututs?api_key=UtutSophiaCampaign1&metadata.platforms[]=in-app&status=live&metadata.application.sap_code=PPRO&locale=en_US&aem_id=premiere-pro/how-to/in-app/040-save-time-with-different-preview-options-in-premiere-pro&aem_id=premiere-pro/how-to/in-app/try-generative-extend&aem_id=premiere-pro/how-to/in-app/animation-basics&aem_id=premiere-pro/how-to/in-app/create-rough-cut-text-based-edit&aem_id=premiere-pro/how-to/in-app/036-make-beauty-spots-sparkle&aem_id=premiere-pro/how-to/in-app/cut-to-the-beat&aem_id=premiere-pro/how-to/in-app/020-add-speed-ramping&aem_id=premiere-pro/how-to/in-app/032-make-food-colors-pop","hs_3_1_user_intent_dialog":"No Content","hs_3_1_web_tutorial":"https://utut-service.adobe.com/api/recommendation/tutorial/123?metadata.application.sap_code=PPRO&locale=en_US&metadata.platforms=helpx&api_key=EngagementStream1&max_tutorials=15","hs_4_0_profile_base":"No Content","hs_4_0_toast":"No Content","hs_4_0_touts":"https://odin.adobe.com/content/dam/ccfirstmile/PPRO/en_US/ExperienceHomeMX24/pr-2026-04-firefly-cousage-experience-Phase1.cfm.gql.json","hs_4_0_view_plans":"No Content","hs_4_0_whats_new":"https://odin.adobe.com/content/dam/ccfirstmile/PPRO/en_US/componentWhatsNewToastal/Pr-GA-Apr-26-Multicard-WN-3553.cfm.gql.json","lcm_learn":"No Content","pes_atlas":"No Content","pes_browse_learn":"No Content","pes_features":"No Content","pes_whats_new":"No Content"}},"id":"f8f359d2-c1ae-40f7-9e06-66366ba7174a","schema":"https://ns.adobe.com/personalization/json-content-item"}],"scope":"adbpr://desktop","scopeDetails":{"activity":{"id":"02b682d0-a6b1-4df8-8722-a63c771198d0#3edb1997-bf0a-435c-a254-129f5aa290ac","matchedSurfaces":["adbpr://desktop/"],"priority":45},"characteristics":{"eventToken":"eyJtZXNzYWdlRXhlY3V0aW9uIjp7Im1lc3NhZ2VFeGVjdXRpb25JRCI6IlVFOkluYm91bmQiLCJtZXNzYWdlSUQiOiI1ZTllYzk4Yi1lMDk2LTQ5NGMtYTIwOS01ZGRhZjUxNzc4NGYiLCJtZXNzYWdlUHVibGljYXRpb25JRCI6IjIxNjE3ZGVmLWNiNjQtNGQ3Ny1hMzA5LTZiZWY3M2IzZmVjYSIsIm1lc3NhZ2VUeXBlIjoibWFya2V0aW5nIiwiY2FtcGFpZ25JRCI6IjAyYjY4MmQwLWE2YjEtNGRmOC04NzIyLWE2M2M3NzExOThkMCIsImNhbXBhaWduVmVyc2lvbklEIjoiYTRhM2E0NGUtODQyNy00OWViLTg4NjUtYzc2OGE1NGM3OGU1IiwiY2FtcGFpZ25BY3Rpb25JRCI6IjNlZGIxOTk3LWJmMGEtNDM1Yy1hMjU0LTEyOWY1YWEyOTBhYyJ9LCJtZXNzYWdlUHJvZmlsZSI6eyJtZXNzYWdlUHJvZmlsZUlEIjoiOWU3ODJkMzMtMTZmNS00ZGFkLWFkOTEtNjgwNzc4NDNmYjhkIiwiY2hhbm5lbCI6eyJfaWQiOiJodHRwczovL25zLmFkb2JlLmNvbS94ZG0vY2hhbm5lbHMvY29kZSIsIl90eXBlIjoiaHR0cHM6Ly9ucy5hZG9iZS5jb20veGRtL2NoYW5uZWwtdHlwZXMvY29kZSJ9fX0=","subPropositions":"W3siaWQiOiIyYzdlMjJiYS02ODJkLTQyZGYtODRmNy0yYWU4YjRlNWYxY2MiLCJzY29wZSI6ImFkYnByOi8vZGVza3RvcCIsInNjb3BlRGV0YWlscyI6eyJkZWNpc2lvblByb3ZpZGVyIjoiRVhEIiwiY29ycmVsYXRpb25JRCI6IjIxNjE3ZGVmLWNiNjQtNGQ3Ny1hMzA5LTZiZWY3M2IzZmVjYS0wIiwic3RyYXRlZ2llcyI6W3sic3RyYXRlZ3lJRCI6IjQ5ODVjNWFkLTI4OGUtNDlmYS1hMDc2LTNmOTM2ZGY4YmQ1NyIsInN0ZXAiOiJkZWNpc2lvblBvbGljeSJ9LHsic3RyYXRlZ3lJRCI6ImFkYnByOi8vZGVza3RvcCIsInN0ZXAiOiJwbGFjZW1lbnQifV0sInJhbmsiOjUsImFjdGl2aXR5Ijp7ImlkIjoiMDJiNjgyZDAtYTZiMS00ZGY4LTg3MjItYTYzYzc3MTE5OGQwIzNlZGIxOTk3LWJmMGEtNDM1Yy1hMjU0LTEyOWY1YWEyOTBhYyIsInByaW9yaXR5Ijo0NSwibWF0Y2hlZFN1cmZhY2VzIjpbImFkYnByOi8vZGVza3RvcC8iXX19LCJpdGVtcyI6W3siaWQiOiJkcHM6MzJiZmZmZmRmNmM0ZTA0NjgxMDBkMTJhOTgxZWVlNDAxYzViNWEzZjk3YjdjYmZkOjFjNzc3OWNmYTNlNGI3MzgiLCJldGFnIjoiNiIsIm5hbWUiOiJbT0ZSXSBQckRfRkZfQ291c2FnZV9QaGFzZTFfRU4iLCJpdGVtU2VsZWN0aW9uIjp7InNlbGVjdGlvbkRldGFpbCI6eyJzZWxlY3Rpb25UeXBlIjoibWFudWFsIiwidmVyc2lvbiI6ImxhdGVzdCJ9fSwidG9rZW4iOiJqcFFIRTVwN0FTbGZBMFI5eDVmUzNnIn1dfV0="},"correlationID":"21617def-cb64-4d77-a309-6bef73b3feca-0","decisionProvider":"AJO","rank":5,"strategies":[{"step":"passthroughActions","strategyID":"17da5b6a-5841-499c-81d9-4b5bb9ca0f23#3edb1997-bf0a-435c-a254-129f5aa290ac, 14e68667-b036-4890-b95b-af3b145acd7d#4ba9ecea-0971-435a-91ab-37fd2a46436a, 189b67e0-44bf-4968-8f3a-936b481d9ecd#3edb1997-bf0a-435c-a254-129f5aa290ac, d298ac49-f6c4-4c10-afb4-bf044f34d539#4ba9ecea-0971-435a-91ab-37fd2a46436a"}]}},"refreshTimestamp":"2026-07-15T21:08:41.250Z","rootAssetMetadata":[{"contentType":"application/octet-stream","dependencies":[],"fileExtension":"","filename":"","id":20267,"isPersonalized":false,"refreshTimestamp":"2026-07-15T21:08:41.264Z","url":"No Content"}],"sortOrder":2,"source":"surface","status":"ready","tags":["Discover_Panel"],"xdm":{"_adobe_corpnew":{"app":{"installedApplications":[{"id":"PPRO","language":"en-US","majorVersion":26,"minorVersion":3,"name":"Premiere Pro","patchVersion":0,"version":"26.3.0.93"}],"language":"en-US"}},"application":{"id":"CCXP","name":"CCX Process","version":"7.8.0.2"},"device":{"platform":"winx86_64","type":"desktop"},"environment":{"_dc":{"language":"en-US"},"browserDetails":{"userAgentClientHints":{"platform":"winx86_64"}},"operatingSystem":"Windows","operatingSystemVersion":"10.0.26200"},"eventType":"personalization.request"}},"errorMessage":"NoTargetingCampaign","errorCode":30002}],"surfaceAnalyticsData":{"surfaceId":"Discover_Panel"}},"DP_Tool_Techniques_v1":{"failedContainers":[{"gsdkEnabledContent":true,"containerId":1,"containerLabel":"DP Tool Techniques v1","containerAnalyticsData":{"variationId":"21617def-cb64-4d77-a309-6bef73b3feca-0:::17da5b6a-5841-499c-81d9-4b5bb9ca0f23#3edb1997-bf0a-435c-a254-129f5aa290ac, 14e68667-b036-4890-b95b-af3b145acd7d#4ba9ecea-0971-435a-91ab-37fd2a46436a, 189b67e0-44bf-4968-8f3a-936b481d9ecd#3edb1997-bf0a-435c-a254-129f5aa290ac, d298ac49-f6c4-4c10-afb4-bf044f34d539#4ba9ecea-0971-435a-91ab-37fd2a46436a::::::f8f359d2-c1ae-40f7-9e06-66366ba7174a","actionBlockId":"f8f359d2-c1ae-40f7-9e06-66366ba7174a","campaignId":"02b682d0-a6b1-4df8-8722-a63c771198d0#3edb1997-bf0a-435c-a254-129f5aa290ac:::","containerStatus":"ready-DP Tool Techniques v1"},"gsdkStatus":"ready","gsdkContent":{"campaignState":"NoTargetingCampaign","consumer":{"code":"PPRO","id":82,"language":"en-US","name":"Premiere Pro","version":"26.3.0.93"},"container":{"lastUpdated":"2026-02-06T22:42:53.130Z","name":"DP Tool Techniques v1"},"id":10820,"monitoringData":{"exp.action_block_id":"f8f359d2-c1ae-40f7-9e06-66366ba7174a","exp.campaign_id":"02b682d0-a6b1-4df8-8722-a63c771198d0#3edb1997-bf0a-435c-a254-129f5aa290ac:::","exp.experience_id":"02b682d0-a6b1-4df8-8722-a63c771198d0#3edb1997-bf0a-435c-a254-129f5aa290ac","exp.request_guid":"c1308954-1142-41c0-adc8-35caf3c49c68","exp.response_guid":"4519ac40-f8fe-4549-bac8-3af48f1b0e2c","exp.surface_id":"4519ac40-f8fe-4549-bac8-3af48f1b0e2c","exp.variation_id":"21617def-cb64-4d77-a309-6bef73b3feca-0:::17da5b6a-5841-499c-81d9-4b5bb9ca0f23#3edb1997-bf0a-435c-a254-129f5aa290ac, 14e68667-b036-4890-b95b-af3b145acd7d#4ba9ecea-0971-435a-91ab-37fd2a46436a, 189b67e0-44bf-4968-8f3a-936b481d9ecd#3edb1997-bf0a-435c-a254-129f5aa290ac, d298ac49-f6c4-4c10-afb4-bf044f34d539#4ba9ecea-0971-435a-91ab-37fd2a46436a::::::f8f359d2-c1ae-40f7-9e06-66366ba7174a"},"proposition":{"id":"4519ac40-f8fe-4549-bac8-3af48f1b0e2c","items":[{"data":{"content":{"dp_ccn":"No Content","dp_core":"No Content","dp_dynamic_template":"No Content","dp_learn":"No Content","dp_tool_tech":"No Content","hs_3_1_inapp_tutorial":"https://utut-service.adobe.com/api/ututs?api_key=UtutSophiaCampaign1&metadata.platforms[]=in-app&status=live&metadata.application.sap_code=PPRO&locale=en_US&aem_id=premiere-pro/how-to/in-app/040-save-time-with-different-preview-options-in-premiere-pro&aem_id=premiere-pro/how-to/in-app/try-generative-extend&aem_id=premiere-pro/how-to/in-app/animation-basics&aem_id=premiere-pro/how-to/in-app/create-rough-cut-text-based-edit&aem_id=premiere-pro/how-to/in-app/036-make-beauty-spots-sparkle&aem_id=premiere-pro/how-to/in-app/cut-to-the-beat&aem_id=premiere-pro/how-to/in-app/020-add-speed-ramping&aem_id=premiere-pro/how-to/in-app/032-make-food-colors-pop","hs_3_1_user_intent_dialog":"No Content","hs_3_1_web_tutorial":"https://utut-service.adobe.com/api/recommendation/tutorial/123?metadata.application.sap_code=PPRO&locale=en_US&metadata.platforms=helpx&api_key=EngagementStream1&max_tutorials=15","hs_4_0_profile_base":"No Content","hs_4_0_toast":"No Content","hs_4_0_touts":"https://odin.adobe.com/content/dam/ccfirstmile/PPRO/en_US/ExperienceHomeMX24/pr-2026-04-firefly-cousage-experience-Phase1.cfm.gql.json","hs_4_0_view_plans":"No Content","hs_4_0_whats_new":"https://odin.adobe.com/content/dam/ccfirstmile/PPRO/en_US/componentWhatsNewToastal/Pr-GA-Apr-26-Multicard-WN-3553.cfm.gql.json","lcm_learn":"No Content","pes_atlas":"No Content","pes_browse_learn":"No Content","pes_features":"No Content","pes_whats_new":"No Content"}},"id":"f8f359d2-c1ae-40f7-9e06-66366ba7174a","schema":"https://ns.adobe.com/personalization/json-content-item"}],"scope":"adbpr://desktop","scopeDetails":{"activity":{"id":"02b682d0-a6b1-4df8-8722-a63c771198d0#3edb1997-bf0a-435c-a254-129f5aa290ac","matchedSurfaces":["adbpr://desktop/"],"priority":45},"characteristics":{"eventToken":"eyJtZXNzYWdlRXhlY3V0aW9uIjp7Im1lc3NhZ2VFeGVjdXRpb25JRCI6IlVFOkluYm91bmQiLCJtZXNzYWdlSUQiOiI1ZTllYzk4Yi1lMDk2LTQ5NGMtYTIwOS01ZGRhZjUxNzc4NGYiLCJtZXNzYWdlUHVibGljYXRpb25JRCI6IjIxNjE3ZGVmLWNiNjQtNGQ3Ny1hMzA5LTZiZWY3M2IzZmVjYSIsIm1lc3NhZ2VUeXBlIjoibWFya2V0aW5nIiwiY2FtcGFpZ25JRCI6IjAyYjY4MmQwLWE2YjEtNGRmOC04NzIyLWE2M2M3NzExOThkMCIsImNhbXBhaWduVmVyc2lvbklEIjoiYTRhM2E0NGUtODQyNy00OWViLTg4NjUtYzc2OGE1NGM3OGU1IiwiY2FtcGFpZ25BY3Rpb25JRCI6IjNlZGIxOTk3LWJmMGEtNDM1Yy1hMjU0LTEyOWY1YWEyOTBhYyJ9LCJtZXNzYWdlUHJvZmlsZSI6eyJtZXNzYWdlUHJvZmlsZUlEIjoiOWU3ODJkMzMtMTZmNS00ZGFkLWFkOTEtNjgwNzc4NDNmYjhkIiwiY2hhbm5lbCI6eyJfaWQiOiJodHRwczovL25zLmFkb2JlLmNvbS94ZG0vY2hhbm5lbHMvY29kZSIsIl90eXBlIjoiaHR0cHM6Ly9ucy5hZG9iZS5jb20veGRtL2NoYW5uZWwtdHlwZXMvY29kZSJ9fX0=","subPropositions":"W3siaWQiOiIyYzdlMjJiYS02ODJkLTQyZGYtODRmNy0yYWU4YjRlNWYxY2MiLCJzY29wZSI6ImFkYnByOi8vZGVza3RvcCIsInNjb3BlRGV0YWlscyI6eyJkZWNpc2lvblByb3ZpZGVyIjoiRVhEIiwiY29ycmVsYXRpb25JRCI6IjIxNjE3ZGVmLWNiNjQtNGQ3Ny1hMzA5LTZiZWY3M2IzZmVjYS0wIiwic3RyYXRlZ2llcyI6W3sic3RyYXRlZ3lJRCI6IjQ5ODVjNWFkLTI4OGUtNDlmYS1hMDc2LTNmOTM2ZGY4YmQ1NyIsInN0ZXAiOiJkZWNpc2lvblBvbGljeSJ9LHsic3RyYXRlZ3lJRCI6ImFkYnByOi8vZGVza3RvcCIsInN0ZXAiOiJwbGFjZW1lbnQifV0sInJhbmsiOjUsImFjdGl2aXR5Ijp7ImlkIjoiMDJiNjgyZDAtYTZiMS00ZGY4LTg3MjItYTYzYzc3MTE5OGQwIzNlZGIxOTk3LWJmMGEtNDM1Yy1hMjU0LTEyOWY1YWEyOTBhYyIsInByaW9yaXR5Ijo0NSwibWF0Y2hlZFN1cmZhY2VzIjpbImFkYnByOi8vZGVza3RvcC8iXX19LCJpdGVtcyI6W3siaWQiOiJkcHM6MzJiZmZmZmRmNmM0ZTA0NjgxMDBkMTJhOTgxZWVlNDAxYzViNWEzZjk3YjdjYmZkOjFjNzc3OWNmYTNlNGI3MzgiLCJldGFnIjoiNiIsIm5hbWUiOiJbT0ZSXSBQckRfRkZfQ291c2FnZV9QaGFzZTFfRU4iLCJpdGVtU2VsZWN0aW9uIjp7InNlbGVjdGlvbkRldGFpbCI6eyJzZWxlY3Rpb25UeXBlIjoibWFudWFsIiwidmVyc2lvbiI6ImxhdGVzdCJ9fSwidG9rZW4iOiJqcFFIRTVwN0FTbGZBMFI5eDVmUzNnIn1dfV0="},"correlationID":"21617def-cb64-4d77-a309-6bef73b3feca-0","decisionProvider":"AJO","rank":5,"strategies":[{"step":"passthroughActions","strategyID":"17da5b6a-5841-499c-81d9-4b5bb9ca0f23#3edb1997-bf0a-435c-a254-129f5aa290ac, 14e68667-b036-4890-b95b-af3b145acd7d#4ba9ecea-0971-435a-91ab-37fd2a46436a, 189b67e0-44bf-4968-8f3a-936b481d9ecd#3edb1997-bf0a-435c-a254-129f5aa290ac, d298ac49-f6c4-4c10-afb4-bf044f34d539#4ba9ecea-0971-435a-91ab-37fd2a46436a"}]}},"refreshTimestamp":"2026-07-15T21:08:41.250Z","rootAssetMetadata":[{"contentType":"application/octet-stream","dependencies":[],"fileExtension":"","filename":"","id":20260,"isPersonalized":false,"refreshTimestamp":"2026-07-15T21:08:41.264Z","url":"No Content"}],"sortOrder":1,"source":"surface","status":"ready","tags":["DP_Tool_Techniques_v1"],"xdm":{"_adobe_corpnew":{"app":{"installedApplications":[{"id":"PPRO","language":"en-US","majorVersion":26,"minorVersion":3,"name":"Premiere Pro","patchVersion":0,"version":"26.3.0.93"}],"language":"en-US"}},"application":{"id":"CCXP","name":"CCX Process","version":"7.8.0.2"},"device":{"platform":"winx86_64","type":"desktop"},"environment":{"_dc":{"language":"en-US"},"browserDetails":{"userAgentClientHints":{"platform":"winx86_64"}},"operatingSystem":"Windows","operatingSystemVersion":"10.0.26200"},"eventType":"personalization.request"}},"errorMessage":"NoTargetingCampaign","errorCode":30002}],"surfaceAnalyticsData":{"surfaceId":"DP_Tool_Techniques_v1"}},"in_app_contextual_notifications":{"failedContainers":[{"gsdkEnabledContent":true,"containerId":1,"containerLabel":"In-App Contextual Notifications","containerAnalyticsData":{"variationId":"21617def-cb64-4d77-a309-6bef73b3feca-0:::17da5b6a-5841-499c-81d9-4b5bb9ca0f23#3edb1997-bf0a-435c-a254-129f5aa290ac, 14e68667-b036-4890-b95b-af3b145acd7d#4ba9ecea-0971-435a-91ab-37fd2a46436a, 189b67e0-44bf-4968-8f3a-936b481d9ecd#3edb1997-bf0a-435c-a254-129f5aa290ac, d298ac49-f6c4-4c10-afb4-bf044f34d539#4ba9ecea-0971-435a-91ab-37fd2a46436a::::::f8f359d2-c1ae-40f7-9e06-66366ba7174a","actionBlockId":"f8f359d2-c1ae-40f7-9e06-66366ba7174a","campaignId":"02b682d0-a6b1-4df8-8722-a63c771198d0#3edb1997-bf0a-435c-a254-129f5aa290ac:::","containerStatus":"ready-In-App Contextual Notifications"},"gsdkStatus":"ready","gsdkContent":{"campaignState":"NoTargetingCampaign","consumer":{"code":"PPRO","id":82,"language":"en-US","name":"Premiere Pro","version":"26.3.0.93"},"container":{"lastUpdated":"2026-02-06T22:42:53.130Z","name":"In-App Contextual Notifications"},"id":10819,"monitoringData":{"exp.action_block_id":"f8f359d2-c1ae-40f7-9e06-66366ba7174a","exp.campaign_id":"02b682d0-a6b1-4df8-8722-a63c771198d0#3edb1997-bf0a-435c-a254-129f5aa290ac:::","exp.experience_id":"02b682d0-a6b1-4df8-8722-a63c771198d0#3edb1997-bf0a-435c-a254-129f5aa290ac","exp.request_guid":"c1308954-1142-41c0-adc8-35caf3c49c68","exp.response_guid":"4519ac40-f8fe-4549-bac8-3af48f1b0e2c","exp.surface_id":"4519ac40-f8fe-4549-bac8-3af48f1b0e2c","exp.variation_id":"21617def-cb64-4d77-a309-6bef73b3feca-0:::17da5b6a-5841-499c-81d9-4b5bb9ca0f23#3edb1997-bf0a-435c-a254-129f5aa290ac, 14e68667-b036-4890-b95b-af3b145acd7d#4ba9ecea-0971-435a-91ab-37fd2a46436a, 189b67e0-44bf-4968-8f3a-936b481d9ecd#3edb1997-bf0a-435c-a254-129f5aa290ac, d298ac49-f6c4-4c10-afb4-bf044f34d539#4ba9ecea-0971-435a-91ab-37fd2a46436a::::::f8f359d2-c1ae-40f7-9e06-66366ba7174a"},"proposition":{"id":"4519ac40-f8fe-4549-bac8-3af48f1b0e2c","items":[{"data":{"content":{"dp_ccn":"No Content","dp_core":"No Content","dp_dynamic_template":"No Content","dp_learn":"No Content","dp_tool_tech":"No Content","hs_3_1_inapp_tutorial":"https://utut-service.adobe.com/api/ututs?api_key=UtutSophiaCampaign1&metadata.platforms[]=in-app&status=live&metadata.application.sap_code=PPRO&locale=en_US&aem_id=premiere-pro/how-to/in-app/040-save-time-with-different-preview-options-in-premiere-pro&aem_id=premiere-pro/how-to/in-app/try-generative-extend&aem_id=premiere-pro/how-to/in-app/animation-basics&aem_id=premiere-pro/how-to/in-app/create-rough-cut-text-based-edit&aem_id=premiere-pro/how-to/in-app/036-make-beauty-spots-sparkle&aem_id=premiere-pro/how-to/in-app/cut-to-the-beat&aem_id=premiere-pro/how-to/in-app/020-add-speed-ramping&aem_id=premiere-pro/how-to/in-app/032-make-food-colors-pop","hs_3_1_user_intent_dialog":"No Content","hs_3_1_web_tutorial":"https://utut-service.adobe.com/api/recommendation/tutorial/123?metadata.application.sap_code=PPRO&locale=en_US&metadata.platforms=helpx&api_key=EngagementStream1&max_tutorials=15","hs_4_0_profile_base":"No Content","hs_4_0_toast":"No Content","hs_4_0_touts":"https://odin.adobe.com/content/dam/ccfirstmile/PPRO/en_US/ExperienceHomeMX24/pr-2026-04-firefly-cousage-experience-Phase1.cfm.gql.json","hs_4_0_view_plans":"No Content","hs_4_0_whats_new":"https://odin.adobe.com/content/dam/ccfirstmile/PPRO/en_US/componentWhatsNewToastal/Pr-GA-Apr-26-Multicard-WN-3553.cfm.gql.json","lcm_learn":"No Content","pes_atlas":"No Content","pes_browse_learn":"No Content","pes_features":"No Content","pes_whats_new":"No Content"}},"id":"f8f359d2-c1ae-40f7-9e06-66366ba7174a","schema":"https://ns.adobe.com/personalization/json-content-item"}],"scope":"adbpr://desktop","scopeDetails":{"activity":{"id":"02b682d0-a6b1-4df8-8722-a63c771198d0#3edb1997-bf0a-435c-a254-129f5aa290ac","matchedSurfaces":["adbpr://desktop/"],"priority":45},"characteristics":{"eventToken":"eyJtZXNzYWdlRXhlY3V0aW9uIjp7Im1lc3NhZ2VFeGVjdXRpb25JRCI6IlVFOkluYm91bmQiLCJtZXNzYWdlSUQiOiI1ZTllYzk4Yi1lMDk2LTQ5NGMtYTIwOS01ZGRhZjUxNzc4NGYiLCJtZXNzYWdlUHVibGljYXRpb25JRCI6IjIxNjE3ZGVmLWNiNjQtNGQ3Ny1hMzA5LTZiZWY3M2IzZmVjYSIsIm1lc3NhZ2VUeXBlIjoibWFya2V0aW5nIiwiY2FtcGFpZ25JRCI6IjAyYjY4MmQwLWE2YjEtNGRmOC04NzIyLWE2M2M3NzExOThkMCIsImNhbXBhaWduVmVyc2lvbklEIjoiYTRhM2E0NGUtODQyNy00OWViLTg4NjUtYzc2OGE1NGM3OGU1IiwiY2FtcGFpZ25BY3Rpb25JRCI6IjNlZGIxOTk3LWJmMGEtNDM1Yy1hMjU0LTEyOWY1YWEyOTBhYyJ9LCJtZXNzYWdlUHJvZmlsZSI6eyJtZXNzYWdlUHJvZmlsZUlEIjoiOWU3ODJkMzMtMTZmNS00ZGFkLWFkOTEtNjgwNzc4NDNmYjhkIiwiY2hhbm5lbCI6eyJfaWQiOiJodHRwczovL25zLmFkb2JlLmNvbS94ZG0vY2hhbm5lbHMvY29kZSIsIl90eXBlIjoiaHR0cHM6Ly9ucy5hZG9iZS5jb20veGRtL2NoYW5uZWwtdHlwZXMvY29kZSJ9fX0=","subPropositions":"W3siaWQiOiIyYzdlMjJiYS02ODJkLTQyZGYtODRmNy0yYWU4YjRlNWYxY2MiLCJzY29wZSI6ImFkYnByOi8vZGVza3RvcCIsInNjb3BlRGV0YWlscyI6eyJkZWNpc2lvblByb3ZpZGVyIjoiRVhEIiwiY29ycmVsYXRpb25JRCI6IjIxNjE3ZGVmLWNiNjQtNGQ3Ny1hMzA5LTZiZWY3M2IzZmVjYS0wIiwic3RyYXRlZ2llcyI6W3sic3RyYXRlZ3lJRCI6IjQ5ODVjNWFkLTI4OGUtNDlmYS1hMDc2LTNmOTM2ZGY4YmQ1NyIsInN0ZXAiOiJkZWNpc2lvblBvbGljeSJ9LHsic3RyYXRlZ3lJRCI6ImFkYnByOi8vZGVza3RvcCIsInN0ZXAiOiJwbGFjZW1lbnQifV0sInJhbmsiOjUsImFjdGl2aXR5Ijp7ImlkIjoiMDJiNjgyZDAtYTZiMS00ZGY4LTg3MjItYTYzYzc3MTE5OGQwIzNlZGIxOTk3LWJmMGEtNDM1Yy1hMjU0LTEyOWY1YWEyOTBhYyIsInByaW9yaXR5Ijo0NSwibWF0Y2hlZFN1cmZhY2VzIjpbImFkYnByOi8vZGVza3RvcC8iXX19LCJpdGVtcyI6W3siaWQiOiJkcHM6MzJiZmZmZmRmNmM0ZTA0NjgxMDBkMTJhOTgxZWVlNDAxYzViNWEzZjk3YjdjYmZkOjFjNzc3OWNmYTNlNGI3MzgiLCJldGFnIjoiNiIsIm5hbWUiOiJbT0ZSXSBQckRfRkZfQ291c2FnZV9QaGFzZTFfRU4iLCJpdGVtU2VsZWN0aW9uIjp7InNlbGVjdGlvbkRldGFpbCI6eyJzZWxlY3Rpb25UeXBlIjoibWFudWFsIiwidmVyc2lvbiI6ImxhdGVzdCJ9fSwidG9rZW4iOiJqcFFIRTVwN0FTbGZBMFI5eDVmUzNnIn1dfV0="},"correlationID":"21617def-cb64-4d77-a309-6bef73b3feca-0","decisionProvider":"AJO","rank":5,"strategies":[{"step":"passthroughActions","strategyID":"17da5b6a-5841-499c-81d9-4b5bb9ca0f23#3edb1997-bf0a-435c-a254-129f5aa290ac, 14e68667-b036-4890-b95b-af3b145acd7d#4ba9ecea-0971-435a-91ab-37fd2a46436a, 189b67e0-44bf-4968-8f3a-936b481d9ecd#3edb1997-bf0a-435c-a254-129f5aa290ac, d298ac49-f6c4-4c10-afb4-bf044f34d539#4ba9ecea-0971-435a-91ab-37fd2a46436a"}]}},"refreshTimestamp":"2026-07-15T21:08:41.250Z","rootAssetMetadata":[{"contentType":"application/octet-stream","dependencies":[],"fileExtension":"","filename":"","id":20259,"isPersonalized":false,"refreshTimestamp":"2026-07-15T21:08:41.264Z","url":"No Content"}],"sortOrder":1,"source":"surface","status":"ready","tags":["in_app_contextual_notifications"],"xdm":{"_adobe_corpnew":{"app":{"installedApplications":[{"id":"PPRO","language":"en-US","majorVersion":26,"minorVersion":3,"name":"Premiere Pro","patchVersion":0,"version":"26.3.0.93"}],"language":"en-US"}},"application":{"id":"CCXP","name":"CCX Process","version":"7.8.0.2"},"device":{"platform":"winx86_64","type":"desktop"},"environment":{"_dc":{"language":"en-US"},"browserDetails":{"userAgentClientHints":{"platform":"winx86_64"}},"operatingSystem":"Windows","operatingSystemVersion":"10.0.26200"},"eventType":"personalization.request"}},"errorMessage":"NoTargetingCampaign","errorCode":30002},{"gsdkEnabledContent":true,"containerId":2,"containerLabel":"Dynamic DP Modes","containerAnalyticsData":{"variationId":"21617def-cb64-4d77-a309-6bef73b3feca-0:::17da5b6a-5841-499c-81d9-4b5bb9ca0f23#3edb1997-bf0a-435c-a254-129f5aa290ac, 14e68667-b036-4890-b95b-af3b145acd7d#4ba9ecea-0971-435a-91ab-37fd2a46436a, 189b67e0-44bf-4968-8f3a-936b481d9ecd#3edb1997-bf0a-435c-a254-129f5aa290ac, d298ac49-f6c4-4c10-afb4-bf044f34d539#4ba9ecea-0971-435a-91ab-37fd2a46436a::::::f8f359d2-c1ae-40f7-9e06-66366ba7174a","actionBlockId":"f8f359d2-c1ae-40f7-9e06-66366ba7174a","campaignId":"02b682d0-a6b1-4df8-8722-a63c771198d0#3edb1997-bf0a-435c-a254-129f5aa290ac:::","containerStatus":"ready-Dynamic DP Modes"},"gsdkStatus":"ready","gsdkContent":{"campaignState":"NoTargetingCampaign","consumer":{"code":"PPRO","id":82,"language":"en-US","name":"Premiere Pro","version":"26.3.0.93"},"container":{"lastUpdated":"2026-02-06T22:42:53.130Z","name":"Dynamic DP Modes"},"id":10821,"monitoringData":{"exp.action_block_id":"f8f359d2-c1ae-40f7-9e06-66366ba7174a","exp.campaign_id":"02b682d0-a6b1-4df8-8722-a63c771198d0#3edb1997-bf0a-435c-a254-129f5aa290ac:::","exp.experience_id":"02b682d0-a6b1-4df8-8722-a63c771198d0#3edb1997-bf0a-435c-a254-129f5aa290ac","exp.request_guid":"c1308954-1142-41c0-adc8-35caf3c49c68","exp.response_guid":"4519ac40-f8fe-4549-bac8-3af48f1b0e2c","exp.surface_id":"4519ac40-f8fe-4549-bac8-3af48f1b0e2c","exp.variation_id":"21617def-cb64-4d77-a309-6bef73b3feca-0:::17da5b6a-5841-499c-81d9-4b5bb9ca0f23#3edb1997-bf0a-435c-a254-129f5aa290ac, 14e68667-b036-4890-b95b-af3b145acd7d#4ba9ecea-0971-435a-91ab-37fd2a46436a, 189b67e0-44bf-4968-8f3a-936b481d9ecd#3edb1997-bf0a-435c-a254-129f5aa290ac, d298ac49-f6c4-4c10-afb4-bf044f34d539#4ba9ecea-0971-435a-91ab-37fd2a46436a::::::f8f359d2-c1ae-40f7-9e06-66366ba7174a"},"proposition":{"id":"4519ac40-f8fe-4549-bac8-3af48f1b0e2c","items":[{"data":{"content":{"dp_ccn":"No Content","dp_core":"No Content","dp_dynamic_template":"No Content","dp_learn":"No Content","dp_tool_tech":"No Content","hs_3_1_inapp_tutorial":"https://utut-service.adobe.com/api/ututs?api_key=UtutSophiaCampaign1&metadata.platforms[]=in-app&status=live&metadata.application.sap_code=PPRO&locale=en_US&aem_id=premiere-pro/how-to/in-app/040-save-time-with-different-preview-options-in-premiere-pro&aem_id=premiere-pro/how-to/in-app/try-generative-extend&aem_id=premiere-pro/how-to/in-app/animation-basics&aem_id=premiere-pro/how-to/in-app/create-rough-cut-text-based-edit&aem_id=premiere-pro/how-to/in-app/036-make-beauty-spots-sparkle&aem_id=premiere-pro/how-to/in-app/cut-to-the-beat&aem_id=premiere-pro/how-to/in-app/020-add-speed-ramping&aem_id=premiere-pro/how-to/in-app/032-make-food-colors-pop","hs_3_1_user_intent_dialog":"No Content","hs_3_1_web_tutorial":"https://utut-service.adobe.com/api/recommendation/tutorial/123?metadata.application.sap_code=PPRO&locale=en_US&metadata.platforms=helpx&api_key=EngagementStream1&max_tutorials=15","hs_4_0_profile_base":"No Content","hs_4_0_toast":"No Content","hs_4_0_touts":"https://odin.adobe.com/content/dam/ccfirstmile/PPRO/en_US/ExperienceHomeMX24/pr-2026-04-firefly-cousage-experience-Phase1.cfm.gql.json","hs_4_0_view_plans":"No Content","hs_4_0_whats_new":"https://odin.adobe.com/content/dam/ccfirstmile/PPRO/en_US/componentWhatsNewToastal/Pr-GA-Apr-26-Multicard-WN-3553.cfm.gql.json","lcm_learn":"No Content","pes_atlas":"No Content","pes_browse_learn":"No Content","pes_features":"No Content","pes_whats_new":"No Content"}},"id":"f8f359d2-c1ae-40f7-9e06-66366ba7174a","schema":"https://ns.adobe.com/personalization/json-content-item"}],"scope":"adbpr://desktop","scopeDetails":{"activity":{"id":"02b682d0-a6b1-4df8-8722-a63c771198d0#3edb1997-bf0a-435c-a254-129f5aa290ac","matchedSurfaces":["adbpr://desktop/"],"priority":45},"characteristics":{"eventToken":"eyJtZXNzYWdlRXhlY3V0aW9uIjp7Im1lc3NhZ2VFeGVjdXRpb25JRCI6IlVFOkluYm91bmQiLCJtZXNzYWdlSUQiOiI1ZTllYzk4Yi1lMDk2LTQ5NGMtYTIwOS01ZGRhZjUxNzc4NGYiLCJtZXNzYWdlUHVibGljYXRpb25JRCI6IjIxNjE3ZGVmLWNiNjQtNGQ3Ny1hMzA5LTZiZWY3M2IzZmVjYSIsIm1lc3NhZ2VUeXBlIjoibWFya2V0aW5nIiwiY2FtcGFpZ25JRCI6IjAyYjY4MmQwLWE2YjEtNGRmOC04NzIyLWE2M2M3NzExOThkMCIsImNhbXBhaWduVmVyc2lvbklEIjoiYTRhM2E0NGUtODQyNy00OWViLTg4NjUtYzc2OGE1NGM3OGU1IiwiY2FtcGFpZ25BY3Rpb25JRCI6IjNlZGIxOTk3LWJmMGEtNDM1Yy1hMjU0LTEyOWY1YWEyOTBhYyJ9LCJtZXNzYWdlUHJvZmlsZSI6eyJtZXNzYWdlUHJvZmlsZUlEIjoiOWU3ODJkMzMtMTZmNS00ZGFkLWFkOTEtNjgwNzc4NDNmYjhkIiwiY2hhbm5lbCI6eyJfaWQiOiJodHRwczovL25zLmFkb2JlLmNvbS94ZG0vY2hhbm5lbHMvY29kZSIsIl90eXBlIjoiaHR0cHM6Ly9ucy5hZG9iZS5jb20veGRtL2NoYW5uZWwtdHlwZXMvY29kZSJ9fX0=","subPropositions":"W3siaWQiOiIyYzdlMjJiYS02ODJkLTQyZGYtODRmNy0yYWU4YjRlNWYxY2MiLCJzY29wZSI6ImFkYnByOi8vZGVza3RvcCIsInNjb3BlRGV0YWlscyI6eyJkZWNpc2lvblByb3ZpZGVyIjoiRVhEIiwiY29ycmVsYXRpb25JRCI6IjIxNjE3ZGVmLWNiNjQtNGQ3Ny1hMzA5LTZiZWY3M2IzZmVjYS0wIiwic3RyYXRlZ2llcyI6W3sic3RyYXRlZ3lJRCI6IjQ5ODVjNWFkLTI4OGUtNDlmYS1hMDc2LTNmOTM2ZGY4YmQ1NyIsInN0ZXAiOiJkZWNpc2lvblBvbGljeSJ9LHsic3RyYXRlZ3lJRCI6ImFkYnByOi8vZGVza3RvcCIsInN0ZXAiOiJwbGFjZW1lbnQifV0sInJhbmsiOjUsImFjdGl2aXR5Ijp7ImlkIjoiMDJiNjgyZDAtYTZiMS00ZGY4LTg3MjItYTYzYzc3MTE5OGQwIzNlZGIxOTk3LWJmMGEtNDM1Yy1hMjU0LTEyOWY1YWEyOTBhYyIsInByaW9yaXR5Ijo0NSwibWF0Y2hlZFN1cmZhY2VzIjpbImFkYnByOi8vZGVza3RvcC8iXX19LCJpdGVtcyI6W3siaWQiOiJkcHM6MzJiZmZmZmRmNmM0ZTA0NjgxMDBkMTJhOTgxZWVlNDAxYzViNWEzZjk3YjdjYmZkOjFjNzc3OWNmYTNlNGI3MzgiLCJldGFnIjoiNiIsIm5hbWUiOiJbT0ZSXSBQckRfRkZfQ291c2FnZV9QaGFzZTFfRU4iLCJpdGVtU2VsZWN0aW9uIjp7InNlbGVjdGlvbkRldGFpbCI6eyJzZWxlY3Rpb25UeXBlIjoibWFudWFsIiwidmVyc2lvbiI6ImxhdGVzdCJ9fSwidG9rZW4iOiJqcFFIRTVwN0FTbGZBMFI5eDVmUzNnIn1dfV0="},"correlationID":"21617def-cb64-4d77-a309-6bef73b3feca-0","decisionProvider":"AJO","rank":5,"strategies":[{"step":"passthroughActions","strategyID":"17da5b6a-5841-499c-81d9-4b5bb9ca0f23#3edb1997-bf0a-435c-a254-129f5aa290ac, 14e68667-b036-4890-b95b-af3b145acd7d#4ba9ecea-0971-435a-91ab-37fd2a46436a, 189b67e0-44bf-4968-8f3a-936b481d9ecd#3edb1997-bf0a-435c-a254-129f5aa290ac, d298ac49-f6c4-4c10-afb4-bf044f34d539#4ba9ecea-0971-435a-91ab-37fd2a46436a"}]}},"refreshTimestamp":"2026-07-15T21:08:41.250Z","rootAssetMetadata":[{"contentType":"application/octet-stream","dependencies":[],"fileExtension":"","filename":"","id":20261,"isPersonalized":false,"refreshTimestamp":"2026-07-15T21:08:41.264Z","url":"No Content"}],"sortOrder":2,"source":"surface","status":"ready","tags":["in_app_contextual_notifications"],"xdm":{"_adobe_corpnew":{"app":{"installedApplications":[{"id":"PPRO","language":"en-US","majorVersion":26,"minorVersion":3,"name":"Premiere Pro","patchVersion":0,"version":"26.3.0.93"}],"language":"en-US"}},"application":{"id":"CCXP","name":"CCX Process","version":"7.8.0.2"},"device":{"platform":"winx86_64","type":"desktop"},"environment":{"_dc":{"language":"en-US"},"browserDetails":{"userAgentClientHints":{"platform":"winx86_64"}},"operatingSystem":"Windows","operatingSystemVersion":"10.0.26200"},"eventType":"personalization.request"}},"errorMessage":"NoTargetingCampaign","errorCode":30002}],"surfaceAnalyticsData":{"surfaceId":"in_app_contextual_notifications"}}},"_ccx":{"version":1}}
[2026-07-16_14-14-17][38660][Error] [console] [DP] Invalid survey content: surface(NPS_SURVEY): has no containers})
[2026-07-16_14-14-17][34604][Default] [console] spell-book://open
[2026-07-16_14-14-22][34604][Default] [console] Connected to WebSocket on port 12500
[2026-07-16_14-14-22][34604][Default] [console] event.data {"message_type":"handshake_confirmation","token":""}
[2026-07-16_14-14-22][34604][Default] [console] Handshake confirmed by server
[2026-07-16_14-14-24][34604][Default] [console] websocket.connected 
[2026-07-16_14-14-24][34604][Default] [console] SPELLBOOK sendHostShortcutsPath
[2026-07-16_14-14-24][34604][Default] [console] 2:14:24 PM pong
[2026-07-16_14-14-24][34604][Default] [console] 2:14:24 PM pong
[2026-07-16_14-14-29][34604][Default] [console] 2:14:29 PM pong
[2026-07-16_14-14-34][34604][Default] [console] 2:14:34 PM pong
[2026-07-16_14-14-39][34604][Default] [console] 2:14:39 PM pong
[2026-07-16_14-14-44][34604][Default] [console] 2:14:44 PM pong
[2026-07-16_14-14-49][34604][Default] [console] 2:14:49 PM pong
[2026-07-16_14-14-54][34604][Default] [console] 2:14:54 PM pong
[2026-07-16_14-14-59][34604][Default] [console] 2:14:59 PM pong
[2026-07-16_14-15-04][34604][Default] [console] 2:15:04 PM pong
[2026-07-16_14-15-09][34604][Default] [console] 2:15:09 PM pong
[2026-07-16_14-15-14][34604][Default] [console] 2:15:14 PM pong
[2026-07-16_14-15-19][34604][Default] [console] 2:15:19 PM pong
[2026-07-16_14-15-24][34604][Default] [console] 2:15:24 PM pong
[2026-07-16_14-15-29][34604][Default] [console] 2:15:29 PM pong
[2026-07-16_14-15-34][34604][Default] [console] 2:15:34 PM pong
[2026-07-16_14-15-39][34604][Default] [console] 2:15:39 PM pong
[2026-07-16_14-15-44][34604][Default] [console] 2:15:44 PM pong
[2026-07-16_14-15-49][34604][Default] [console] 2:15:49 PM pong
[2026-07-16_14-15-54][34604][Default] [console] 2:15:54 PM pong
[2026-07-16_14-15-59][34604][Default] [console] 2:15:59 PM pong
[2026-07-16_14-16-04][34604][Default] [console] 2:16:04 PM pong
[2026-07-16_14-16-09][34604][Default] [console] 2:16:09 PM pong
[2026-07-16_14-16-14][34604][Default] [console] 2:16:14 PM pong
[2026-07-16_14-16-19][34604][Default] [console] 2:16:19 PM pong
[2026-07-16_14-16-24][34604][Default] [console] 2:16:24 PM pong
[2026-07-16_14-16-29][34604][Default] [console] 2:16:29 PM pong
[2026-07-16_14-16-34][34604][Default] [console] 2:16:34 PM pong
[2026-07-16_14-16-39][34604][Default] [console] 2:16:39 PM pong
[2026-07-16_14-16-44][34604][Default] [console] 2:16:44 PM pong
[2026-07-16_14-16-49][34604][Default] [console] 2:16:49 PM pong
[2026-07-16_14-16-54][34604][Default] [console] 2:16:54 PM pong
[2026-07-16_14-16-59][34604][Default] [console] 2:16:59 PM pong
[2026-07-16_14-17-04][34604][Default] [console] 2:17:04 PM pong
[2026-07-16_14-17-09][34604][Default] [console] 2:17:09 PM pong
[2026-07-16_14-17-14][34604][Default] [console] 2:17:14 PM pong
[2026-07-16_14-17-19][34604][Default] [console] 2:17:19 PM pong
[2026-07-16_14-17-24][34604][Default] [console] 2:17:24 PM pong
[2026-07-16_14-17-29][34604][Default] [console] 2:17:29 PM pong
[2026-07-16_14-17-34][34604][Default] [console] 2:17:34 PM pong
[2026-07-16_14-17-39][34604][Default] [console] 2:17:39 PM pong
[2026-07-16_14-17-44][34604][Default] [console] 2:17:44 PM pong
[2026-07-16_14-17-49][34604][Default] [console] 2:17:49 PM pong
[2026-07-16_14-17-54][34604][Default] [console] 2:17:54 PM pong
[2026-07-16_14-17-59][34604][Default] [console] 2:17:59 PM pong
[2026-07-16_14-18-04][34604][Default] [console] 2:18:04 PM pong
[2026-07-16_14-18-09][34604][Default] [console] 2:18:09 PM pong
[2026-07-16_14-18-14][34604][Default] [console] 2:18:14 PM pong
[2026-07-16_14-18-19][34604][Default] [console] 2:18:19 PM pong
[2026-07-16_14-18-24][34604][Default] [console] 2:18:24 PM pong
[2026-07-16_14-18-29][34604][Default] [console] 2:18:29 PM pong
[2026-07-16_14-18-34][34604][Default] [console] 2:18:34 PM pong
[2026-07-16_14-18-39][34604][Default] [console] 2:18:39 PM pong
[2026-07-16_14-18-44][34604][Default] [console] 2:18:44 PM pong
[2026-07-16_14-18-49][34604][Default] [console] 2:18:49 PM pong
[2026-07-16_14-18-54][34604][Default] [console] 2:18:54 PM pong
[2026-07-16_14-18-59][34604][Default] [console] 2:18:59 PM pong
[2026-07-16_14-19-04][34604][Default] [console] 2:19:04 PM pong
[2026-07-16_14-19-09][34604][Default] [console] 2:19:09 PM pong
[2026-07-16_14-19-14][34604][Default] [console] 2:19:14 PM pong
[2026-07-16_14-19-19][34604][Default] [console] 2:19:19 PM pong
[2026-07-16_14-19-22][23540][Info] upic::Creative cloud is running sending message to ADS
[2026-07-16_14-19-22][23540][Info] upic::Sending message to ADS, type: vulcan.SuiteMessage.accc.app.deepLink.request payload: <data><workflow>routeToPath</workflow><routePath>%2Fpmp%2Fview%2Fbrowse%3FhostSapCode%3DPPRO%26source%3DPPRO%5FPluginsMenu</routePath></data>
[2026-07-16_14-19-24][34604][Default] [console] 2:19:24 PM pong
[2026-07-16_14-19-29][34604][Default] [console] 2:19:29 PM pong
[2026-07-16_14-19-34][34604][Default] [console] 2:19:34 PM pong
[2026-07-16_14-19-39][34604][Default] [console] 2:19:39 PM pong
[2026-07-16_14-19-44][34604][Default] [console] 2:19:44 PM pong
[2026-07-16_14-19-49][34604][Default] [console] 2:19:49 PM pong
[2026-07-16_14-19-54][34604][Default] [console] 2:19:54 PM pong
[2026-07-16_14-19-59][34604][Default] [console] 2:19:59 PM pong
[2026-07-16_14-20-04][34604][Default] [console] 2:20:04 PM pong
[2026-07-16_14-20-09][34604][Default] [console] 2:20:09 PM pong
[2026-07-16_14-20-14][34604][Default] [console] 2:20:14 PM pong
[2026-07-16_14-20-19][34604][Default] [console] 2:20:19 PM pong
[2026-07-16_14-20-24][34604][Default] [console] 2:20:24 PM pong
[2026-07-16_14-20-29][34604][Default] [console] 2:20:29 PM pong
[2026-07-16_14-20-34][34604][Default] [console] 2:20:34 PM pong
[2026-07-16_14-20-39][34604][Default] [console] 2:20:39 PM pong
[2026-07-16_14-20-44][34604][Default] [console] 2:20:44 PM pong
[2026-07-16_14-20-49][34604][Default] [console] 2:20:49 PM pong
[2026-07-16_14-20-54][34604][Default] [console] 2:20:54 PM pong
[2026-07-16_14-20-59][34604][Default] [console] 2:20:59 PM pong
[2026-07-16_14-21-04][34604][Default] [console] 2:21:04 PM pong
[2026-07-16_14-21-09][34604][Default] [console] 2:21:09 PM pong
[2026-07-16_14-21-14][34604][Default] [console] 2:21:14 PM pong
[2026-07-16_14-21-19][34604][Default] [console] 2:21:19 PM pong
[2026-07-16_14-21-24][34604][Default] [console] 2:21:24 PM pong
[2026-07-16_14-21-29][34604][Default] [console] 2:21:29 PM pong
[2026-07-16_14-21-34][34604][Default] [console] 2:21:34 PM pong
[2026-07-16_14-21-39][34604][Default] [console] 2:21:39 PM pong
[2026-07-16_14-21-44][34604][Default] [console] 2:21:44 PM pong
[2026-07-16_14-21-49][34604][Default] [console] 2:21:49 PM pong
[2026-07-16_14-21-54][34604][Default] [console] 2:21:54 PM pong
[2026-07-16_14-21-59][34604][Default] [console] 2:21:59 PM pong
[2026-07-16_14-22-04][34604][Default] [console] 2:22:04 PM pong
[2026-07-16_14-22-09][34604][Default] [console] 2:22:09 PM pong
[2026-07-16_14-22-14][34604][Default] [console] 2:22:14 PM pong
[2026-07-16_14-22-19][34604][Default] [console] 2:22:19 PM pong
[2026-07-16_14-22-21][23540][Warn] [general] Setting focus failed on node: input
[2026-07-16_14-22-24][34604][Default] [console] 2:22:24 PM pong
[2026-07-16_14-22-30][34604][Default] [console] 2:22:30 PM pong
[2026-07-16_14-22-34][34604][Default] [console] 2:22:34 PM pong
[2026-07-16_14-22-39][34604][Default] [console] 2:22:39 PM pong
[2026-07-16_14-22-44][34604][Default] [console] 2:22:44 PM pong
[2026-07-16_14-22-49][34604][Default] [console] 2:22:49 PM pong
[2026-07-16_14-22-54][34604][Default] [console] 2:22:54 PM pong
[2026-07-16_14-22-59][34604][Default] [console] 2:22:59 PM pong
[2026-07-16_14-23-04][34604][Default] [console] 2:23:04 PM pong
[2026-07-16_14-23-09][34604][Default] [console] 2:23:09 PM pong
[2026-07-16_14-23-14][34604][Default] [console] 2:23:14 PM pong
[2026-07-16_14-23-19][34604][Default] [console] 2:23:19 PM pong
[2026-07-16_14-23-24][34604][Default] [console] 2:23:24 PM pong
[2026-07-16_14-23-29][34604][Default] [console] 2:23:29 PM pong
[2026-07-16_14-23-34][34604][Default] [console] 2:23:34 PM pong
[2026-07-16_14-23-39][34604][Default] [console] 2:23:39 PM pong
[2026-07-16_14-23-44][34604][Default] [console] 2:23:44 PM pong
[2026-07-16_14-23-49][34604][Default] [console] 2:23:49 PM pong
[2026-07-16_14-23-54][34604][Default] [console] 2:23:54 PM pong
[2026-07-16_14-23-59][34604][Default] [console] 2:23:59 PM pong
[2026-07-16_14-24-04][34604][Default] [console] 2:24:04 PM pong
[2026-07-16_14-24-09][34604][Default] [console] 2:24:09 PM pong
[2026-07-16_14-24-14][34604][Default] [console] 2:24:14 PM pong
[2026-07-16_14-24-19][34604][Default] [console] 2:24:19 PM pong
[2026-07-16_14-24-24][34604][Default] [console] 2:24:24 PM pong
[2026-07-16_14-24-29][34604][Default] [console] 2:24:29 PM pong
[2026-07-16_14-24-34][34604][Default] [console] 2:24:34 PM pong
[2026-07-16_14-24-39][34604][Default] [console] 2:24:39 PM pong
[2026-07-16_14-24-44][34604][Default] [console] 2:24:44 PM pong
[2026-07-16_14-24-49][34604][Default] [console] 2:24:49 PM pong
[2026-07-16_14-24-54][34604][Default] [console] 2:24:54 PM pong
[2026-07-16_14-24-59][34604][Default] [console] 2:24:59 PM pong
[2026-07-16_14-25-00][23540][Warn] [general] Setting focus failed on node: input
[2026-07-16_14-25-05][34604][Default] [console] 2:25:05 PM pong
[2026-07-16_14-25-10][34604][Default] [console] 2:25:10 PM pong
[2026-07-16_14-25-15][34604][Default] [console] 2:25:15 PM pong
[2026-07-16_14-25-20][34604][Default] [console] 2:25:20 PM pong
[2026-07-16_14-25-25][34604][Default] [console] 2:25:25 PM pong
[2026-07-16_14-25-30][34604][Default] [console] 2:25:30 PM pong
[2026-07-16_14-25-35][34604][Default] [console] 2:25:35 PM pong
[2026-07-16_14-25-40][34604][Default] [console] 2:25:40 PM pong
[2026-07-16_14-25-45][34604][Default] [console] 2:25:45 PM pong
[2026-07-16_14-25-50][34604][Default] [console] 2:25:50 PM pong
[2026-07-16_14-25-55][34604][Default] [console] 2:25:55 PM pong
[2026-07-16_14-26-00][34604][Default] [console] 2:26:00 PM pong
[2026-07-16_14-26-05][34604][Default] [console] 2:26:05 PM pong
[2026-07-16_14-26-10][34604][Default] [console] 2:26:10 PM pong
[2026-07-16_14-26-15][34604][Default] [console] 2:26:15 PM pong
[2026-07-16_14-26-21][34604][Default] [console] 2:26:21 PM pong
[2026-07-16_14-26-26][34604][Default] [console] 2:26:26 PM pong
[2026-07-16_14-26-31][34604][Default] [console] 2:26:31 PM pong
[2026-07-16_14-26-36][34604][Default] [console] 2:26:36 PM pong
[2026-07-16_14-26-41][34604][Default] [console] 2:26:41 PM pong
[2026-07-16_14-26-46][34604][Default] [console] 2:26:46 PM pong
[2026-07-16_14-26-51][34604][Default] [console] 2:26:51 PM pong
[2026-07-16_14-26-56][34604][Default] [console] 2:26:56 PM pong
[2026-07-16_14-27-01][34604][Default] [console] 2:27:01 PM pong
[2026-07-16_14-27-06][34604][Default] [console] 2:27:06 PM pong
[2026-07-16_14-27-12][34604][Default] [console] 2:27:12 PM pong
[2026-07-16_14-27-17][34604][Default] [console] 2:27:17 PM pong
[2026-07-16_14-27-22][34604][Default] [console] 2:27:22 PM pong
[2026-07-16_14-27-27][34604][Default] [console] 2:27:27 PM pong
[2026-07-16_14-27-32][34604][Default] [console] 2:27:32 PM pong
[2026-07-16_14-27-37][34604][Default] [console] 2:27:37 PM pong
[2026-07-16_14-27-42][34604][Default] [console] 2:27:42 PM pong
[2026-07-16_14-27-47][34604][Default] [console] 2:27:47 PM pong
[2026-07-16_14-27-52][34604][Default] [console] 2:27:52 PM pong
[2026-07-16_14-27-57][34604][Default] [console] 2:27:57 PM pong
[2026-07-16_14-28-02][34604][Default] [console] 2:28:02 PM pong
[2026-07-16_14-28-07][34604][Default] [console] 2:28:07 PM pong
[2026-07-16_14-28-12][34604][Default] [console] 2:28:12 PM pong
[2026-07-16_14-28-17][34604][Default] [console] 2:28:17 PM pong
[2026-07-16_14-28-22][34604][Default] [console] 2:28:22 PM pong
[2026-07-16_14-28-28][34604][Default] [console] 2:28:28 PM pong
[2026-07-16_14-28-33][34604][Default] [console] 2:28:33 PM pong
[2026-07-16_14-28-38][34604][Default] [console] 2:28:38 PM pong
[2026-07-16_14-28-43][34604][Default] [console] 2:28:43 PM pong
[2026-07-16_14-28-48][34604][Default] [console] 2:28:48 PM pong
[2026-07-16_14-28-53][34604][Default] [console] 2:28:53 PM pong
[2026-07-16_14-28-58][34604][Default] [console] 2:28:58 PM pong
[2026-07-16_14-29-03][34604][Default] [console] 2:29:03 PM pong
[2026-07-16_14-29-08][34604][Default] [console] 2:29:08 PM pong
[2026-07-16_14-29-13][34604][Default] [console] 2:29:13 PM pong
[2026-07-16_14-29-18][34604][Default] [console] 2:29:18 PM pong
[2026-07-16_14-29-23][34604][Default] [console] 2:29:23 PM pong
[2026-07-16_14-29-28][34604][Default] [console] 2:29:28 PM pong
[2026-07-16_14-29-33][34604][Default] [console] 2:29:33 PM pong
[2026-07-16_14-29-38][34604][Default] [console] 2:29:38 PM pong
[2026-07-16_14-29-44][34604][Default] [console] 2:29:44 PM pong
[2026-07-16_14-29-49][34604][Default] [console] 2:29:49 PM pong
[2026-07-16_14-29-54][34604][Default] [console] 2:29:54 PM pong
[2026-07-16_14-29-59][34604][Default] [console] 2:29:59 PM pong
[2026-07-16_14-30-04][34604][Default] [console] 2:30:04 PM pong
[2026-07-16_14-30-09][34604][Default] [console] 2:30:09 PM pong
[2026-07-16_14-30-14][34604][Default] [console] 2:30:14 PM pong
[2026-07-16_14-30-19][34604][Default] [console] 2:30:19 PM pong
[2026-07-16_14-30-24][34604][Default] [console] 2:30:24 PM pong
[2026-07-16_14-30-29][34604][Default] [console] 2:30:29 PM pong
[2026-07-16_14-30-34][34604][Default] [console] 2:30:34 PM pong
[2026-07-16_14-30-39][34604][Default] [console] 2:30:39 PM pong
[2026-07-16_14-30-44][34604][Default] [console] 2:30:44 PM pong
[2026-07-16_14-30-49][34604][Default] [console] 2:30:49 PM pong
[2026-07-16_14-30-54][34604][Default] [console] 2:30:54 PM pong
[2026-07-16_14-30-59][34604][Default] [console] 2:30:59 PM pong
[2026-07-16_14-31-04][34604][Default] [console] 2:31:04 PM pong
[2026-07-16_14-31-09][34604][Default] [console] 2:31:09 PM pong
[2026-07-16_14-31-14][34604][Default] [console] 2:31:14 PM pong
[2026-07-16_14-31-19][34604][Default] [console] 2:31:19 PM pong
[2026-07-16_14-31-24][34604][Default] [console] 2:31:24 PM pong
[2026-07-16_14-31-29][34604][Default] [console] 2:31:29 PM pong
[2026-07-16_14-31-34][34604][Default] [console] 2:31:34 PM pong
[2026-07-16_14-31-39][34604][Default] [console] 2:31:39 PM pong
[2026-07-16_14-31-45][34604][Default] [console] 2:31:44 PM pong
[2026-07-16_14-31-50][34604][Default] [console] 2:31:50 PM pong
[2026-07-16_14-31-55][34604][Default] [console] 2:31:55 PM pong
[2026-07-16_14-32-00][34604][Default] [console] 2:32:00 PM pong
[2026-07-16_14-32-05][34604][Default] [console] 2:32:05 PM pong
[2026-07-16_14-32-10][34604][Default] [console] 2:32:10 PM pong
[2026-07-16_14-32-15][34604][Default] [console] 2:32:15 PM pong
[2026-07-16_14-32-20][34604][Default] [console] 2:32:20 PM pong
[2026-07-16_14-32-25][34604][Default] [console] 2:32:25 PM pong
[2026-07-16_14-32-30][34604][Default] [console] 2:32:30 PM pong
[2026-07-16_14-32-36][34604][Default] [console] 2:32:36 PM pong
[2026-07-16_14-32-41][34604][Default] [console] 2:32:41 PM pong
[2026-07-16_14-32-46][34604][Default] [console] 2:32:46 PM pong
[2026-07-16_14-32-51][34604][Default] [console] 2:32:51 PM pong
[2026-07-16_14-32-56][34604][Default] [console] 2:32:56 PM pong
[2026-07-16_14-33-01][34604][Default] [console] 2:33:01 PM pong
[2026-07-16_14-33-06][34604][Default] [console] 2:33:06 PM pong
[2026-07-16_14-33-11][34604][Default] [console] 2:33:11 PM pong
[2026-07-16_14-33-16][34604][Default] [console] 2:33:16 PM pong
[2026-07-16_14-33-21][34604][Default] [console] 2:33:21 PM pong
[2026-07-16_14-33-26][34604][Default] [console] 2:33:26 PM pong
[2026-07-16_14-33-32][34604][Default] [console] 2:33:32 PM pong
[2026-07-16_14-33-37][34604][Default] [console] 2:33:37 PM pong
[2026-07-16_14-33-42][34604][Default] [console] 2:33:42 PM pong
[2026-07-16_14-33-47][34604][Default] [console] 2:33:47 PM pong
[2026-07-16_14-33-52][34604][Default] [console] 2:33:52 PM pong
[2026-07-16_14-33-57][34604][Default] [console] 2:33:57 PM pong
[2026-07-16_14-34-02][34604][Default] [console] 2:34:02 PM pong
[2026-07-16_14-34-07][34604][Default] [console] 2:34:07 PM pong
[2026-07-16_14-34-12][34604][Default] [console] 2:34:12 PM pong
[2026-07-16_14-34-17][34604][Default] [console] 2:34:17 PM pong
[2026-07-16_14-34-22][34604][Default] [console] 2:34:22 PM pong
[2026-07-16_14-34-27][34604][Default] [console] 2:34:27 PM pong
[2026-07-16_14-34-32][34604][Default] [console] 2:34:32 PM pong
[2026-07-16_14-34-37][34604][Default] [console] 2:34:37 PM pong
[2026-07-16_14-34-43][34604][Default] [console] 2:34:43 PM pong
[2026-07-16_14-34-48][34604][Default] [console] 2:34:48 PM pong
[2026-07-16_14-34-53][34604][Default] [console] 2:34:53 PM pong
[2026-07-16_14-34-58][34604][Default] [console] 2:34:58 PM pong
[2026-07-16_14-35-03][34604][Default] [console] 2:35:03 PM pong
[2026-07-16_14-35-08][34604][Default] [console] 2:35:08 PM pong
[2026-07-16_14-35-13][34604][Default] [console] 2:35:13 PM pong
[2026-07-16_14-35-18][34604][Default] [console] 2:35:18 PM pong
[2026-07-16_14-35-23][34604][Default] [console] 2:35:23 PM pong
[2026-07-16_14-35-28][34604][Default] [console] 2:35:28 PM pong
[2026-07-16_14-35-33][34604][Default] [console] 2:35:33 PM pong
[2026-07-16_14-35-38][34604][Default] [console] 2:35:38 PM pong
[2026-07-16_14-35-43][34604][Default] [console] 2:35:43 PM pong
[2026-07-16_14-35-48][34604][Default] [console] 2:35:48 PM pong
[2026-07-16_14-35-53][34604][Default] [console] 2:35:53 PM pong
[2026-07-16_14-35-58][34604][Default] [console] 2:35:58 PM pong
[2026-07-16_14-36-03][34604][Default] [console] 2:36:03 PM pong
[2026-07-16_14-36-08][34604][Default] [console] 2:36:08 PM pong
[2026-07-16_14-36-13][34604][Default] [console] 2:36:13 PM pong
[2026-07-16_14-36-18][34604][Default] [console] 2:36:18 PM pong
[2026-07-16_14-36-23][34604][Default] [console] 2:36:23 PM pong
[2026-07-16_14-36-28][34604][Default] [console] 2:36:28 PM pong
[2026-07-16_14-36-33][34604][Default] [console] 2:36:33 PM pong
[2026-07-16_14-36-38][34604][Default] [console] 2:36:38 PM pong
[2026-07-16_14-36-43][34604][Default] [console] 2:36:43 PM pong
[2026-07-16_14-36-48][34604][Default] [console] 2:36:48 PM pong
[2026-07-16_14-36-53][34604][Default] [console] 2:36:53 PM pong
[2026-07-16_14-36-59][34604][Default] [console] 2:36:59 PM pong
[2026-07-16_14-37-04][34604][Default] [console] 2:37:04 PM pong
[2026-07-16_14-37-09][34604][Default] [console] 2:37:09 PM pong
[2026-07-16_14-37-14][34604][Default] [console] 2:37:14 PM pong
[2026-07-16_14-37-19][34604][Default] [console] 2:37:19 PM pong
[2026-07-16_14-37-24][34604][Default] [console] 2:37:24 PM pong
[2026-07-16_14-37-29][34604][Default] [console] 2:37:29 PM pong
[2026-07-16_14-37-34][34604][Default] [console] 2:37:34 PM pong
[2026-07-16_14-37-39][34604][Default] [console] 2:37:39 PM pong
[2026-07-16_14-37-44][34604][Default] [console] 2:37:44 PM pong
[2026-07-16_14-37-49][34604][Default] [console] 2:37:49 PM pong
[2026-07-16_14-37-54][34604][Default] [console] 2:37:54 PM pong
[2026-07-16_14-37-59][34604][Default] [console] 2:37:59 PM pong
[2026-07-16_14-38-05][34604][Default] [console] 2:38:05 PM pong
[2026-07-16_14-38-10][34604][Default] [console] 2:38:10 PM pong
[2026-07-16_14-38-15][34604][Default] [console] 2:38:15 PM pong
[2026-07-16_14-38-20][34604][Default] [console] 2:38:20 PM pong
[2026-07-16_14-38-26][34604][Default] [console] 2:38:26 PM pong
[2026-07-16_14-38-31][34604][Default] [console] 2:38:31 PM pong
[2026-07-16_14-38-36][34604][Default] [console] 2:38:36 PM pong
[2026-07-16_14-38-41][34604][Default] [console] 2:38:41 PM pong
[2026-07-16_14-38-46][34604][Default] [console] 2:38:46 PM pong
[2026-07-16_14-38-52][34604][Default] [console] 2:38:52 PM pong
[2026-07-16_14-38-57][34604][Default] [console] 2:38:57 PM pong
[2026-07-16_14-39-02][34604][Default] [console] 2:39:02 PM pong
[2026-07-16_14-39-07][34604][Default] [console] 2:39:07 PM pong
[2026-07-16_14-39-12][34604][Default] [console] 2:39:12 PM pong
[2026-07-16_14-39-17][34604][Default] [console] 2:39:17 PM pong
[2026-07-16_14-39-22][34604][Default] [console] 2:39:22 PM pong
[2026-07-16_14-39-27][34604][Default] [console] 2:39:27 PM pong
[2026-07-16_14-39-33][34604][Default] [console] 2:39:33 PM pong
[2026-07-16_14-39-38][34604][Default] [console] 2:39:38 PM pong
[2026-07-16_14-39-43][34604][Default] [console] 2:39:43 PM pong
[2026-07-16_14-39-48][34604][Default] [console] 2:39:48 PM pong
[2026-07-16_14-39-54][34604][Default] [console] 2:39:54 PM pong
[2026-07-16_14-39-59][34604][Default] [console] 2:39:59 PM pong
[2026-07-16_14-40-04][34604][Default] [console] 2:40:04 PM pong
[2026-07-16_14-40-09][34604][Default] [console] 2:40:09 PM pong
[2026-07-16_14-40-14][34604][Default] [console] 2:40:14 PM pong
[2026-07-16_14-40-20][34604][Default] [console] 2:40:20 PM pong
[2026-07-16_14-40-24][34604][Default] [console] 2:40:24 PM pong
[2026-07-16_14-40-30][34604][Default] [console] 2:40:30 PM pong
[2026-07-16_14-40-35][34604][Default] [console] 2:40:35 PM pong
[2026-07-16_14-40-40][34604][Default] [console] 2:40:40 PM pong
[2026-07-16_14-40-46][34604][Default] [console] 2:40:46 PM pong
[2026-07-16_14-40-51][34604][Default] [console] 2:40:51 PM pong
[2026-07-16_14-40-56][34604][Default] [console] 2:40:56 PM pong
[2026-07-16_14-41-01][34604][Default] [console] 2:41:01 PM pong
[2026-07-16_14-41-06][34604][Default] [console] 2:41:06 PM pong
[2026-07-16_14-41-11][34604][Default] [console] 2:41:11 PM pong
[2026-07-16_14-41-16][34604][Default] [console] 2:41:16 PM pong
[2026-07-16_14-41-22][34604][Default] [console] 2:41:22 PM pong
[2026-07-16_14-41-27][34604][Default] [console] 2:41:27 PM pong
[2026-07-16_14-41-32][34604][Default] [console] 2:41:32 PM pong
[2026-07-16_14-41-37][34604][Default] [console] 2:41:37 PM pong
[2026-07-16_14-41-42][34604][Default] [console] 2:41:42 PM pong
[2026-07-16_14-41-47][34604][Default] [console] 2:41:47 PM pong
[2026-07-16_14-41-53][34604][Default] [console] 2:41:53 PM pong
[2026-07-16_14-41-58][34604][Default] [console] 2:41:58 PM pong
[2026-07-16_14-42-03][34604][Default] [console] 2:42:03 PM pong
[2026-07-16_14-42-08][34604][Default] [console] 2:42:08 PM pong
[2026-07-16_14-42-13][34604][Default] [console] 2:42:13 PM pong
[2026-07-16_14-42-19][34604][Default] [console] 2:42:19 PM pong
[2026-07-16_14-42-24][34604][Default] [console] 2:42:24 PM pong
[2026-07-16_14-42-29][34604][Default] [console] 2:42:29 PM pong
[2026-07-16_14-42-34][34604][Default] [console] 2:42:34 PM pong
[2026-07-16_14-42-39][34604][Default] [console] 2:42:39 PM pong
[2026-07-16_14-42-44][34604][Default] [console] 2:42:44 PM pong
[2026-07-16_14-42-49][34604][Default] [console] 2:42:49 PM pong
[2026-07-16_14-42-55][34604][Default] [console] 2:42:55 PM pong
[2026-07-16_14-42-56][38660][Info] [general] analyticsTracker_ is being accessed without setting
[2026-07-16_14-42-56][34604][Default] [console] [FS] status changed: outside → no-project 
[2026-07-16_14-42-56][38660][Warn] [console] [pesHost] Not ready — plugin not initialized
[2026-07-16_14-42-56][38660][Warn] [console] [pesHost] Not ready — plugin not initialized
[2026-07-16_14-42-57][38660][Warn] [console] [pesHost] Not ready — plugin not initialized
[2026-07-16_14-42-57][38660][Warn] [console] [pesHost] Not ready — plugin not initialized
[2026-07-16_14-43-00][38660][Warn] [console] [pesHost] Not ready — plugin not initialized
[2026-07-16_14-43-00][38660][Warn] [console] [pesHost] Not ready — plugin not initialized
[2026-07-16_14-43-00][34604][Default] [console] 2:43:00 PM pong
